property_id,price,location,area_sqft,property_type,listing_date,bedrooms,bathrooms,year_built
8e89efab-7421-4afb-9be5-f3c5f8ab92ef,668509.4,Houston,2823.0,House,2025-08-16,3,2,1968
5aea3cc1-2253-4d27-a369-ee02527669aa,,Phoenix,2465.0,Condo,2026-04-25,3,2,1981
2572366d-5831-4f79-b65b-8daf32c0b24e,684399.83,Los Angeles,964.0,Villa,2026-01-06,4,2,1952
f9f7e57a-f5f9-4e0c-a677-62927f573cfd,272818.93,Chicago,975.0,Villa,2025-05-04,4,1,2004
f3d4cf41-bc1f-47fe-ab90-12b71c983eeb,207441.71,Phoenix,800.0,Villa,2025-09-02,5,1,1980
170f5b83-801d-4c0c-a40c-ffe4c4889f5d,235406.97,Phoenix,997.0,Villa,2025-07-12,5,4,2001
61165a87-50e8-4e39-9e97-9c3796236a33,1431963.0,San Diego,2147.0,Villa,2025-10-26,2,2,1981
c0c1c7a3-93bf-4a55-bbd8-a7dd253a4e57,358649.57,Chicago,1186.0,Villa,2026-03-25,5,3,1974
0bd9ac84-0ebd-4b24-824d-3fcca11c7619,654558.46,Houston,3399.0,Villa,2025-11-22,1,2,1951
63dc9dc8-87b8-47ec-ae5d-3f2edb5cec59,739214.76,Chicago,2448.0,Apartment,2026-03-25,5,3,2009
ea724713-a03d-47fc-be68-cd7154a78ab6,693479.1,San Antonio,4628.0,Condo,2025-11-13,3,3,1985
ee2d2598-df66-4960-92cf-e205c39d7e2d,,Phoenix,4294.0,Condo,2025-10-19,1,2,1972
198a4ceb-630e-4551-b0ed-f6e7778d33d3,245772.71,San Antonio,1652.0,Condo,2025-12-24,1,3,1999
70b66c7a-9645-4343-8dfa-4cd5132db30d,923446.59,San Antonio,4943.0,Townhouse,2025-12-07,4,3,1996
d223d24a-5372-420a-84d4-f0b2dfee5972,5528767.29,New York,4367.0,Townhouse,2025-07-13,3,3,1991
8a3182a9-5817-4bed-a63b-d4585ace0df0,581571.93,San Jose,739.0,Townhouse,2026-04-20,5,1,1967
2046e4df-6bf6-4fd3-b46f-ae53650eeb12,1030996.31,Houston,4775.0,Apartment,2025-05-23,2,4,1990
c3043b68-0a42-45f3-be34-86c79ee63fb1,702745.26,Chicago,2438.0,Condo,2025-06-05,5,2,1955
15995b08-ac33-4e0c-97dc-2d44a66c6804,733152.26,Phoenix,2698.0,Apartment,2025-12-09,1,3,1951
76dba622-08a5-4735-a6c6-c43facd86a6f,1917619.98,San Diego,3848.0,Condo,2025-08-05,5,2,2018
05bede06-7014-4e3f-a5b6-fb01a72349c3,120049.46,San Antonio,795.0,Villa,2025-12-03,4,1,1983
4c60754c-4943-4a83-b3ce-4c9db9a85140,366352.08,Philadelphia,2107.0,Apartment,2025-08-13,3,1,1957
59d92e24-cd55-42f4-ac18-2f68dc673afd,2674903.86,San Jose,2970.0,Condo,2026-03-25,2,4,1971
116264a0-5e2c-42cd-aba0-ea10cbf9f037,485344.38,Houston,2395.0,House,2025-06-29,5,1,2000
0b528b9c-c151-47d3-aeaf-2f19d7cbb0f2,386056.6,San Antonio,2572.0,Apartment,2025-10-23,5,3,1952
063e5a16-5cd4-45dd-bbbe-5140009be57a,576184.41,Houston,3297.0,Townhouse,2025-07-11,5,3,1953
5312671d-9726-4e4c-80a1-35f529541545,1171349.95,San Diego,2047.0,House,2026-01-18,2,4,1988
c944e842-a6ae-4958-935d-d90054595a82,250705.75,San Antonio,1314.0,House,2026-03-22,4,1,2007
df74f5ba-01d8-49d8-a7b3-eeed938e402b,710085.6,Chicago,2205.0,House,2025-10-22,1,4,1967
a367eedf-7790-466a-80ad-4d93a64ee5c0,407189.25,Dallas,2106.0,Apartment,2025-12-03,4,3,1965
ed2e8ab3-b60b-4a17-b3d1-005b6925e20a,965433.75,Houston,4536.0,Condo,2025-10-26,1,3,1967
da8e03bc-0216-4879-8fa9-3b12c81bc344,1430205.12,Chicago,4008.0,Townhouse,2025-10-11,5,4,1972
0709152d-ff49-44ec-9b11-e6e6f36597c4,685217.29,San Antonio,4744.0,Townhouse,2025-10-21,5,1,1972
a9ba2049-9c2f-4f93-a409-af9c2ec170ef,537619.56,Philadelphia,3001.0,Townhouse,2025-11-15,4,2,1969
b3928d3e-6ce4-4207-b285-9e33276cf71c,667236.97,Dallas,2645.0,Apartment,2026-03-21,2,3,2023
f50558ba-cd1b-4a3c-90ee-a4abbcc3fd9c,959121.77,Houston,4587.0,Townhouse,2025-08-13,3,1,1956
b5513387-4a7b-4aa2-bf6b-f079bdbd0395,581456.71,Chicago,2373.0,House,2025-09-08,2,2,1976
0c30b8ee-6022-4111-8ac8-ecc0fb25d74b,,San Jose,4621.0,Townhouse,2025-10-11,3,4,2020
6f0905d2-5b68-40ba-831a-0813cc667318,287644.01,Houston,1692.0,Villa,2026-04-14,1,1,1987
e2bfce9d-a2e7-420b-9961-f65815c3a06e,1517810.72,Chicago,4472.0,Condo,2025-06-16,1,1,1958
af61b7ca-5842-43da-9e2f-0b94d9d12588,397837.87,Phoenix,1713.0,Apartment,2025-11-12,5,2,1987
0ea3dea0-6e2c-4c22-9cbc-62d39e583a88,434283.91,San Antonio,2164.0,Condo,2025-08-11,5,3,1965
57a92c46-2134-4001-9217-cb70105f6f3e,883069.59,Chicago,3074.0,Condo,2025-06-12,5,3,1973
a732be29-7bcf-4f44-8588-374dfc546e30,3096878.29,New York,2852.0,Condo,2025-09-17,2,3,2018
b5a0cb7c-ddd3-4d8b-9aa9-94b9f9449e59,681183.07,Dallas,3762.0,Apartment,2026-02-08,1,2,1995
7ec5866e-043d-4700-87ab-30aeac7d4c20,1127723.18,Chicago,3685.0,Apartment,2026-04-14,5,1,2000
061f258a-ff61-4447-bd6c-086b8e7aa488,,San Antonio,1143.0,Condo,2026-01-08,3,3,1963
b54e3e21-d9b0-4a47-a780-07ef5461be31,1599076.76,San Jose,1585.0,Condo,2025-11-17,2,4,1969
37e800b8-17cd-4dbc-8859-4deb1e957983,1205177.62,Chicago,4873.0,House,2025-10-11,3,3,2018
54b77cfc-c2bb-4b19-b627-e39fdf81cb47,933548.03,Philadelphia,4472.0,Condo,2026-04-13,3,2,2001
3421a52b-477e-4ac2-8534-45e2217626b1,235135.02,San Antonio,1285.0,Villa,2026-01-31,1,2,1975
6729ec8d-0308-4433-8b87-98d4bc486670,966568.59,Chicago,3118.0,Condo,2025-06-30,5,3,1968
24ae9d12-c3d8-4a33-a577-05b876609ef7,2439828.4,New York,1821.0,Apartment,2025-09-01,1,1,1994
2621d160-409c-4eab-95bb-6b6a70c5576b,1168411.38,Phoenix,4154.0,Apartment,2025-09-29,3,1,2015
bbcc2323-247e-4a45-90be-7b33981fe29a,817622.21,Dallas,4085.0,Apartment,2025-11-13,5,2,1967
bc87c6d0-8994-4ca8-9049-c9ab31f4989e,256013.91,Phoenix,1205.0,Villa,2026-04-07,1,4,2020
fb4c50ca-1927-4a5e-82ae-07e617c3844c,193010.06,Dallas,975.0,Condo,2025-09-13,3,1,2021
e26a1e05-e414-4d8b-a1d5-820065e688ff,212668.34,Phoenix,734.0,Apartment,2025-07-06,1,1,2000
b216dd2a-1daa-4688-b3c0-de2644a9ce2d,227599.19,San Antonio,1136.0,Villa,2025-07-11,4,3,1970
96ac9150-06e2-49d4-874f-6ca17bc1701b,1725150.23,San Jose,1608.0,Condo,2025-12-22,5,3,1998
49b5bfeb-d81f-4133-adbb-df8656d021ec,326191.45,San Antonio,1569.0,House,2025-10-03,2,4,1996
37d9499a-2e8d-4620-b508-f1cd3ffd7750,447995.32,Houston,2589.0,Townhouse,2025-06-30,5,1,2008
9355b4a5-4d3b-4ffa-8a65-b62642842e9e,814860.67,Los Angeles,1014.0,Villa,2025-08-26,2,1,2020
fb7b9b8a-2a6d-4589-a6dc-2353bdeacd6a,506758.93,Houston,2357.0,Townhouse,2025-08-31,5,2,2005
75cb1016-fbfb-4077-88f2-2c07d0a54be9,586287.51,Chicago,2011.0,Townhouse,2025-06-17,1,2,1982
f8ad373e-8910-4948-916e-f033787b0dcf,757566.05,Dallas,4188.0,Condo,2026-03-26,1,4,1992
a0b7bf67-153c-41fb-871e-a045009c1b52,1387741.75,San Diego,2760.0,Condo,2025-06-11,1,1,1993
7a1847e0-8918-4719-8e39-f7663db54a36,146106.78,Philadelphia,725.0,Villa,2025-06-29,3,1,1979
78741fa8-2fbb-44c0-90d5-78ad9583cafc,1137736.93,San Diego,1948.0,Condo,2025-06-28,1,1,2017
08d9bb47-cfdf-4404-a3cf-11428f418f22,785819.42,San Antonio,3692.0,Townhouse,2025-12-29,4,1,1997
2089924d-572d-4594-b49c-2a1b4b719f30,1511283.64,San Diego,2181.0,House,2025-11-12,2,4,1967
4b6c625f-cc27-4ffd-a2b6-dfa703990748,,Dallas,1207.0,House,2025-08-21,5,2,2007
11a7ca3b-dd83-4204-b4da-1b87625f34f2,747776.28,Philadelphia,4122.0,Apartment,2025-12-05,3,1,1999
63f19361-9204-49f8-aad5-a582ad91d21b,364608.7,San Antonio,1999.0,Villa,2025-07-29,1,2,1976
f2e40e8e-51d7-4ee4-a6fd-be8215925450,3532515.85,Los Angeles,3962.0,Condo,2025-09-22,5,4,1959
e565475e-9399-4b76-9be1-69a118dea5e1,1107498.62,Chicago,4559.0,Villa,2025-06-10,4,2,1971
99fc3e93-318e-4650-a667-39287b2da1b3,359109.99,Chicago,1001.0,Apartment,2025-06-26,1,2,1975
5566ad94-3c1c-4c6b-aab1-e88a5e5f2aee,1298952.23,Los Angeles,1780.0,House,2025-08-30,2,1,1954
ac610c59-a74f-4c0a-87aa-ccff3dfa92ea,3392845.22,Los Angeles,3932.0,House,2026-01-29,4,3,1976
f92ba42a-a7cd-43cc-ba5b-12bfa9fad4b1,866382.58,Dallas,3876.0,House,2025-06-28,1,1,2023
0625b0eb-9646-49a2-87b6-2c8fd0dec414,1084474.42,Dallas,4337.0,Townhouse,2025-12-11,5,2,1990
bb6d8275-dfa3-428f-9fc7-43b16540347b,749374.18,Dallas,3500.0,Villa,2025-07-02,3,3,1959
656e65dc-efd3-45c2-ad3c-1935d58eb6c4,1672735.65,Los Angeles,2483.0,House,2025-11-15,4,2,1997
15550e6d-aeff-46bc-95d4-005ef6bc2a61,152371.49,Dallas,,Townhouse,2026-01-20,4,3,2007
5105c5f6-abdf-4bac-8638-e84c8cfa8d25,161541.78,Phoenix,657.0,Townhouse,2026-02-12,4,3,1972
040f5d55-ee12-46f3-811e-2eece94edcc8,847506.3,Phoenix,3811.0,Condo,2025-10-29,5,4,1982
c588640b-b734-4b69-b533-21055177a230,1292650.55,Chicago,4181.0,Condo,2025-09-18,2,2,1959
acf2d7f8-71b3-4af9-8e6b-b4360925a566,,Dallas,,Villa,2025-08-26,4,2,1962
e01dfd89-989d-485f-96da-7ab8160d0621,,Los Angeles,2757.0,Villa,2026-03-17,5,1,1985
267f8cd7-1f3f-4a50-96ab-6884f53a2f14,4291547.34,New York,3521.0,Villa,2025-08-16,4,4,1989
1df143bf-fe06-4574-ba38-68b08619253b,490228.44,Dallas,1885.0,Townhouse,2025-06-18,4,2,2009
bb1230e7-a055-491c-990f-885c55258799,1818551.06,Los Angeles,1957.0,Townhouse,2025-06-25,3,3,2022
fd02736d-4da3-43d1-84f1-68cddf02ae03,1011739.23,Chicago,2872.0,Townhouse,2025-10-12,4,4,1961
afde90b9-c0e4-4c00-b573-a704edbd37f7,3538135.03,San Jose,4570.0,Condo,2025-05-17,5,3,1977
9f8eac60-f2a5-4dd1-b342-a3f8779053ce,932299.0,Houston,4684.0,Villa,2025-10-20,1,2,1978
f51c55cc-3da6-4803-a5e5-67269dba8c83,2484557.94,Los Angeles,2713.0,Villa,2025-08-20,2,2,2013
db49d732-071c-4809-b4b0-7724ee731b02,579983.11,Philadelphia,3608.0,Villa,2025-10-03,1,2,1975
59c78b1e-7d6c-4cee-a292-53348d77dcf6,1250219.21,San Diego,1818.0,Condo,2025-08-07,2,3,1981
f0f8c4ad-07e2-4f1c-ac8d-4cd9d9205fff,590225.96,Dallas,2988.0,Condo,2025-10-23,1,2,1986
7f04b07f-962a-4824-8f9f-edabf24a7223,1112992.09,San Jose,1223.0,House,2026-01-27,5,3,2013
5478ccec-5228-420a-a6d3-bc555f49682b,3569174.35,Los Angeles,3919.0,Townhouse,2025-11-19,4,1,2005
49eb549d-9de2-4f8d-a407-89ef0963c08e,808988.77,Phoenix,3618.0,Villa,2025-12-31,4,3,2019
17dbc335-67d8-4991-a018-6cf6c1c1c505,3541895.91,San Jose,3628.0,Apartment,2026-01-20,2,4,1956
054905a6-b17d-405c-b7f7-8a7ba058b225,879350.77,San Antonio,4204.0,Condo,2025-10-04,5,1,1974
29e4d6ae-02ac-467c-b558-74d7d988bdc5,1073116.61,Phoenix,4196.0,Condo,2025-05-07,4,2,2018
c2531aa2-a30d-4561-911c-0d35268fd37a,3949113.78,San Jose,4150.0,Apartment,2026-02-07,3,3,1952
8a47c91a-9eb9-4fa0-9a43-98fd8538a99d,616320.23,Dallas,3060.0,Townhouse,2025-06-29,5,2,1963
6668eb98-0f99-4883-a185-8b993802dd4e,148599.74,Houston,927.0,House,2026-03-24,3,2,1963
28e817b8-5f9a-4cea-99b6-55c30c1e4ca0,648990.16,Phoenix,2254.0,Condo,2025-09-23,4,4,2022
fc6f04f9-35a5-4321-9a2c-6301f20a04f9,1940411.67,Los Angeles,2656.0,Townhouse,2025-10-08,2,2,1967
02e50f94-0f80-4bb2-ad00-6f53c28ee4c0,120193.48,Dallas,627.0,Townhouse,2025-09-26,5,2,1972
813cc815-36c2-49e5-8904-f9144bff5637,658213.67,Phoenix,2326.0,Townhouse,2026-04-26,4,2,1971
d848d355-f3e6-4d2d-9040-4fe4d31c709e,2802931.68,San Diego,4495.0,Villa,2026-04-22,3,3,1975
fb61ec30-eb5f-497c-a3eb-5559e590622a,,New York,4057.0,Apartment,2026-02-20,1,3,1968
3244d5e6-c1f8-4136-9511-8cc97534e514,4056380.23,San Jose,4008.0,Apartment,2025-12-27,4,1,1970
f896c987-52da-43e7-a6e9-8d7ba48a06bf,817026.13,Los Angeles,1089.0,Apartment,2026-02-08,3,2,1959
ed0099fa-fb4c-483c-b703-c03a069b7ae0,496666.99,Los Angeles,647.0,House,2026-04-27,2,4,1964
1e810533-d43c-47be-963d-920fa036edea,1942777.59,Los Angeles,2075.0,Villa,2025-12-07,2,4,1958
9ee651c8-1712-4edc-94fb-3f9831eebb98,709306.25,San Jose,682.0,House,2026-02-24,3,4,1971
287983f6-8a8f-48eb-beb6-738359a74eb0,760961.77,San Jose,723.0,Apartment,2026-01-27,3,4,2013
d532ae2b-b7c1-41cf-8ddf-165c542be361,2456121.43,San Diego,3577.0,House,2025-06-20,3,3,2021
a6abafa1-b839-4628-86fd-51049d1bc2d8,323903.61,San Antonio,1554.0,Condo,2025-11-08,5,3,1983
c1085ca9-14df-4bab-99b4-99987ce258e7,2888753.38,San Jose,2824.0,Townhouse,2025-11-09,5,2,2007
be6f58b4-92d0-40e3-b55c-c6b4d0b43dda,436363.01,San Antonio,2340.0,Townhouse,2025-12-12,1,4,1954
86fedd81-dafb-473e-a1ae-5d73ae29d519,910137.89,Phoenix,3651.0,Condo,2026-01-11,1,2,1958
2e931209-d874-4bff-9cfb-5e195f5ae155,688344.5,Dallas,3487.0,Condo,2025-08-31,2,1,1997
0e08ce54-2804-4633-aa2f-37abbbf165bf,207291.78,Philadelphia,1035.0,House,2025-06-07,2,4,1972
59946ba3-b785-46ce-98e1-211544e29312,1452206.78,Chicago,4274.0,Condo,2025-12-10,2,2,2020
931726ba-60eb-4817-b656-27c0501fd434,761395.04,Houston,3243.0,Townhouse,2025-11-10,3,1,1991
2396f522-ced8-41fc-98ef-facbc50ace20,828644.48,Phoenix,3766.0,Apartment,2025-05-24,3,3,2000
db9d32e4-7df6-4e44-adaa-b1ef77ca2a7b,4010502.65,San Jose,,Villa,2026-02-05,4,1,1974
4b840139-0f50-4270-8137-2d8802f727a1,3046175.67,San Diego,4497.0,Townhouse,2025-06-01,4,2,1971
b0fb89bd-0f37-428f-9fbc-4d84ea52ec3b,1091123.95,Phoenix,4639.0,Townhouse,2025-10-16,3,4,2009
28dfa5d1-2c62-4670-a750-9321ff38a68c,651797.91,Houston,3172.0,Apartment,2025-10-23,3,3,2009
8327cd97-883b-46e8-872f-d032c772e885,2487560.79,San Diego,4406.0,Villa,2025-06-16,2,1,2011
5b62945a-29a4-4ec9-b295-3e978970b50a,330420.94,Philadelphia,1949.0,Apartment,2025-10-30,1,4,2014
dacce17f-95d5-4e08-a668-3f6b41cc1b47,2765731.14,San Diego,4971.0,Townhouse,2026-04-21,4,1,2015
24f00729-738e-410e-94b6-ae7a14215171,1832547.43,San Jose,1728.0,Villa,2025-11-13,5,2,1971
6929f1a9-44dc-4a78-a14b-86d53578bc25,426020.58,Dallas,1896.0,Apartment,2025-10-27,2,2,1957
5248dfca-a14a-4d73-9a8e-4510cc7bf71c,397487.83,San Antonio,2095.0,Townhouse,2025-07-03,4,2,1967
5e530cbc-3aec-4b1d-96d0-1fe06082e09d,5404512.46,New York,4630.0,House,2025-08-07,2,4,1967
300a2e7e-40f8-40d6-ae82-8d78770ab276,1045337.7,Chicago,4303.0,Villa,2025-08-04,3,3,1969
754480e5-3c4f-4546-a84f-f2836adcd5d2,3295864.26,San Jose,4510.0,Villa,2026-02-05,4,2,2003
f0db97f1-c786-4924-8add-e1a9b5851126,345170.89,Philadelphia,1925.0,Condo,2026-04-28,4,4,2003
80c2934d-837d-4aa7-b5a0-7bb2b3eb0c3d,1007683.61,Los Angeles,1138.0,Villa,2025-12-30,1,4,2015
6413463c-0bcd-4a25-94fd-aa320fc333ce,502493.03,Dallas,2083.0,Condo,2026-02-06,5,1,1987
3d1bcf44-06bc-464b-b7b2-5e0dd7c4aa5f,818531.57,Chicago,2743.0,Condo,2025-05-29,4,3,1995
08174ab5-27bc-4c23-8c3e-80ced4e13227,2493891.29,New York,1740.0,Condo,2026-04-21,4,3,2000
9f1e8a37-6f8a-428f-9e89-9b539d4b35f1,855614.05,Phoenix,3041.0,Condo,2025-07-26,4,1,2019
33dc1dba-84dd-4a22-98ec-2b5ea8a0b18e,1025108.81,San Diego,1440.0,Villa,2025-07-25,3,4,1976
8526bb6a-48c1-4e96-a649-89f80c32ce89,167605.67,Phoenix,657.0,Townhouse,2026-02-19,4,1,1991
3ba5bee6-9362-45df-ad76-2d007cc62db5,636127.9,Chicago,2060.0,Townhouse,2026-03-28,2,1,2007
391bd5fe-ee4f-4226-b6bd-457aea4fc339,840087.95,Chicago,3449.0,Townhouse,2025-11-21,3,4,1981
54007ae5-dd4d-4a4a-82b7-bb82151683a5,799358.2,Los Angeles,1038.0,House,2025-10-10,4,3,2017
e36bf406-7874-4941-a0ff-7a3bdceeff86,1249655.05,San Diego,1748.0,Apartment,2025-11-15,5,2,1961
f61604c3-feb4-4309-a110-bd6299a22761,826107.41,Chicago,2506.0,Villa,2025-11-09,4,3,1967
d342cb34-42e7-46ef-b96c-8c98c04fa023,168445.76,Philadelphia,716.0,Condo,2026-01-18,1,3,2018
f2e40e8e-51d7-4ee4-a6fd-be8215925450,3532515.85,Los Angeles,3962.0,Condo,2025-09-22,5,4,1959
03ad04e8-dd16-41ad-bdc4-40ca49a23451,795584.04,Houston,4745.0,Villa,2026-04-28,1,1,1969
98a4a95e-29ab-42a5-b61b-99f06c10777d,1884652.22,New York,1466.0,House,2026-04-21,4,4,1995
ed0099fa-fb4c-483c-b703-c03a069b7ae0,496666.99,Los Angeles,647.0,House,2026-04-27,2,4,1964
eea176a7-c17b-4136-a34c-a5c2400f9d83,484779.08,Philadelphia,2455.0,Condo,2025-07-16,3,1,1951
d8a2404b-8a13-4c6f-abab-4a809ae05891,448554.69,Philadelphia,1968.0,Condo,2025-08-20,1,3,2001
407b61ad-5f9e-47c8-8491-cb8f615ec7be,880721.27,Philadelphia,4072.0,Villa,2025-08-22,2,2,1973
d72d195d-b608-4e72-aeeb-dbd18d042aa4,609441.13,San Antonio,4150.0,Villa,2025-06-06,4,4,1978
347be14d-a6af-4cf7-88e6-30bdbaf1aba6,681886.64,San Antonio,4061.0,Townhouse,2025-11-05,1,4,1961
fbdd6841-1d6f-41b4-8c0b-c5f8152f4b7f,392715.74,Houston,2147.0,Apartment,2025-08-23,1,1,1988
b0658d29-abd4-4c7b-8fec-d53653177ef0,126005.08,Dallas,512.0,Villa,2025-05-30,4,1,1961
8195cee1-3c85-4faa-a827-1c4567393bd3,497804.35,Philadelphia,2584.0,Apartment,2025-07-12,3,4,1980
b28d33cd-3264-4ea9-8e1b-a29190b8d426,583837.13,San Antonio,,Townhouse,2025-10-19,2,2,2012
a3e509a8-d008-4baf-a839-b80a816f0b0b,1997275.01,San Diego,3311.0,Townhouse,2025-09-27,5,2,1953
d25b6d86-4842-4f7a-a7b9-de51734dffc4,681286.48,Houston,3166.0,Villa,2025-10-27,5,3,1988
6ea89049-d900-44b4-af48-68eefabe9053,376038.82,Chicago,1165.0,Townhouse,2025-09-10,4,3,1979
e352d75e-e4bb-4809-bad9-2e9dd8bc9fb4,1852840.28,Los Angeles,2286.0,Apartment,2025-08-19,4,3,1995
47e453f2-6c51-4a30-9bd4-54cc762d573f,817693.93,Philadelphia,3440.0,Townhouse,2026-04-05,1,2,1977
dd3df85a-9bce-4d09-8a89-d9e179236c1e,236283.82,Houston,1172.0,House,2026-03-30,5,2,1995
6da17558-cff9-4426-b3c2-e6dd4b89bd43,908015.08,Philadelphia,4495.0,House,2026-01-07,3,2,2013
6c49764b-8f06-4856-b9f2-a98d330e6612,692605.66,Chicago,2008.0,Villa,2026-01-06,3,1,2022
74c678b2-7026-4673-b685-cc15a0722740,321811.35,Phoenix,1361.0,Apartment,2025-10-31,1,3,1992
6e98ccd9-860c-4e21-a3bb-b0085ed81291,2005714.35,San Diego,3919.0,Condo,2025-12-20,5,3,1959
84331723-0707-4e51-97c4-e8b6fb5f3c29,1524489.69,Chicago,4702.0,House,2025-12-25,5,3,2016
4af5c559-0da7-4ba2-8425-b238fd0db80d,338129.82,Houston,1630.0,Townhouse,2025-07-20,3,4,1999
58805734-9286-4f02-a672-e447133218a2,340179.11,Houston,,Townhouse,2026-04-01,5,3,2018
152bdd98-4f27-482c-a446-2df7624d8441,858511.75,Chicago,2493.0,Villa,2025-10-14,4,1,1962
a3376cf9-b739-4b27-8d5a-96c61ad08de7,106252.01,Houston,536.0,House,2025-11-10,2,2,2010
d55885b7-7a67-48fd-9194-52755f3b0050,706840.02,Houston,3000.0,Townhouse,2026-02-27,3,2,2020
58847c2c-7461-4c4e-b566-8444fda541c8,286393.42,Phoenix,978.0,Villa,2026-04-02,4,1,1977
b8fc0f45-4334-415b-9760-cbe82ceff387,460248.44,Houston,2831.0,House,2025-05-14,2,2,1955
d60e875c-0158-44c4-9a12-c2f104d32e0a,179583.66,Chicago,622.0,Condo,2025-06-17,4,4,2011
aaa11880-1d37-4f45-b050-ef1e32846d09,4625619.69,New York,3754.0,Townhouse,2026-02-02,1,2,1988
21186bea-72ff-4df7-abba-598065d56038,194398.46,Philadelphia,1038.0,House,2025-10-03,1,2,1980
46bf549b-86ed-42b0-95b3-2f435c47668d,120890.75,Philadelphia,640.0,Villa,2025-10-07,4,4,2008
32dbb902-6596-4863-b6e1-867be74f98c4,841997.9,Dallas,4164.0,Condo,2025-05-19,1,1,1985
e3393910-3ae0-477e-9405-8e8d6e620fad,987903.97,San Diego,1967.0,Condo,2025-12-18,2,4,2011
ef5a2743-a2b8-46ec-ace8-3038406eb51e,2370935.94,San Diego,4067.0,House,2025-06-25,3,4,1992
9138603a-8c44-41a1-95e0-d327a73aa9a6,2902110.74,New York,2562.0,Townhouse,2026-03-10,5,2,1977
9ee196e6-84d2-4057-9157-f3723b8582fa,,Los Angeles,4149.0,House,2026-03-11,4,2,2022
034c684f-2505-4ceb-b5b6-df14ed724870,708793.14,New York,651.0,Townhouse,2025-06-25,2,2,1980
26f8afc8-053a-418a-bda5-a72c6b91584e,4391508.84,New York,3056.0,Condo,2025-10-10,3,3,2010
8c5e2895-5a3c-440c-9b22-a8abdbdffbf6,2039366.45,New York,1613.0,Apartment,2026-03-23,2,1,1970
68841cce-7c7c-426d-b7f6-57a0fd404051,376061.69,San Diego,541.0,Townhouse,2025-05-02,3,4,2019
815cceb2-e520-47e9-8072-d131d8c6ff53,360158.08,Los Angeles,540.0,Townhouse,2025-10-21,1,2,1977
657b8b46-b647-40cd-b6d0-386c7da79924,684398.11,Philadelphia,3643.0,Apartment,2026-04-05,3,1,2000
5da8d845-7745-4ac9-b487-79a9c5d5e2d2,1405999.13,Los Angeles,1960.0,Villa,2025-09-13,1,2,1981
3ddd9281-01ed-4d0d-8e2a-1851fb8ba7f6,189390.38,Philadelphia,1044.0,Villa,2025-06-10,2,3,1996
4694f323-94ef-451b-b31f-9e477622708c,777412.07,Philadelphia,3282.0,House,2025-10-28,2,4,1956
eef334e7-da3c-4516-92c2-9cc62ded3d87,,Phoenix,2764.0,Villa,2026-05-02,1,3,1967
e22dce7b-9b80-4ccd-8217-63f9ec5a916f,2143901.95,San Jose,2406.0,House,2025-06-07,1,2,2022
1302bcfb-1cce-4dea-bbad-41c4ee907f22,,Houston,1697.0,Apartment,2025-07-19,1,1,1999
01a72988-0c80-44a3-9d8c-a9e3345f7cfb,3946386.14,San Jose,4881.0,Condo,2025-06-22,4,2,1976
b406f214-2bf4-488f-9324-848455b58069,3269706.86,San Jose,3262.0,Apartment,2025-10-24,4,1,1961
1e6aa0d1-661e-4cab-a42c-c7f360eb37a0,3541652.1,New York,2810.0,Townhouse,2026-02-15,2,4,2013
bdcd3c68-44f9-46a6-a3c5-8719814d31b7,1576984.82,New York,1452.0,Townhouse,2025-10-24,2,3,2010
8c5e2895-5a3c-440c-9b22-a8abdbdffbf6,2039366.45,New York,1613.0,Apartment,2026-03-23,2,1,1970
d740e4e3-c8d1-431f-918c-d3afb76c1b7b,643671.81,San Jose,599.0,Condo,2026-01-12,3,2,1951
511d588b-006c-464c-af29-ea597ccce265,950828.4,Houston,4071.0,Villa,2026-01-08,4,4,2007
941ff97e-abb2-4d92-a413-f90498b3b067,3099028.92,New York,2819.0,Villa,2025-05-10,1,4,2011
12f7a8d7-f656-4a0f-97d2-5f7d74008128,1209721.03,San Jose,1614.0,House,2025-11-15,4,4,1974
64d02dd9-cc59-4001-817a-d62d978d21f0,,Dallas,530.0,Villa,2025-11-18,3,1,1956
ec6e5f40-4e62-4926-813b-daee77bcdad5,3963160.91,Los Angeles,4958.0,Apartment,2025-09-09,1,2,1969
13212ead-d12f-45eb-8fe2-3043bb5a0fe2,1428853.91,New York,1002.0,Townhouse,2025-10-11,4,2,1979
e3ab733e-3737-4733-8a01-7e31ba59d309,735905.48,Dallas,3422.0,House,2025-05-10,4,2,2014
d1e22345-981e-45fa-8050-160c1ea8d5ff,1487071.4,San Diego,2876.0,Townhouse,2026-05-01,5,4,1984
a13d1ec1-2d9c-42ce-9d4a-c615a46af082,451308.52,Philadelphia,2783.0,House,2026-03-22,4,2,1991
6e2fc353-2845-4a3c-8275-2a0d12e63e1a,6341455.04,New York,4830.0,Condo,2025-07-12,3,3,1984
20417cc5-ce2a-4b89-a02d-6eea657c533d,1501039.22,San Jose,1523.0,Apartment,2026-03-22,1,2,1966
ea746e03-bc34-44ae-8472-f2cd384afe30,3420711.76,Los Angeles,3854.0,Apartment,2025-06-09,1,2,1999
0e1ae4a1-4afe-4cd5-8338-735bf0270b42,958108.19,Chicago,3587.0,Condo,2026-03-20,2,1,1958
95a7f7b8-95fe-40ab-8c0e-08bb0fd2b737,2705703.43,Los Angeles,3732.0,House,2026-02-09,3,1,1978
28ee69d6-74e4-4bcc-a0c2-f997ffa8a1f5,541639.8,Los Angeles,619.0,Townhouse,2026-01-23,1,3,1979
4f00e0a0-9538-459f-a22e-2eb7aeb06a00,3125672.59,San Jose,2895.0,Townhouse,2026-01-08,1,1,1972
350a4efc-e503-44a8-bc87-c3df46556053,2961096.1,New York,2511.0,Condo,2025-12-27,3,1,1997
2ff02d4f-566b-40ba-b875-773f36f294fd,1051351.61,Phoenix,4061.0,Villa,2025-06-27,3,2,2004
1a653464-9edb-4bb5-9dbc-80e40910ea26,5360459.05,New York,3774.0,Villa,2026-01-14,5,2,2002
005631a3-aef4-44d5-8dff-cb64fd6965c3,633701.49,Dallas,2792.0,Villa,2025-10-07,2,4,1963
a0c983e0-4538-4223-b73a-f9fbe9d12741,,Houston,2520.0,Townhouse,2025-06-02,4,4,2022
81facbb2-5380-49e4-881a-790b0c008676,620587.29,Philadelphia,3304.0,Apartment,2025-08-20,3,3,1990
afd4a30b-f0df-4065-bb48-8083a1a224db,369512.24,Houston,2091.0,Townhouse,2026-01-31,5,1,1956
29bbc774-eb99-4dd4-b88c-ac8ba0440e25,1060049.52,San Diego,1690.0,Apartment,2025-12-06,4,2,1955
b5fb1cbe-c094-4dac-ab13-3edb0b5a749e,1903595.06,Los Angeles,2334.0,Condo,2026-03-13,2,3,1954
fa72d481-8059-4635-a9e0-9ec82bb90387,783633.0,Dallas,3625.0,Condo,2025-08-26,5,1,1971
a4782d13-f674-4639-b53d-209e155c7134,3225351.97,New York,3330.0,Condo,2025-12-20,1,4,1975
7672be21-528f-4c1c-b7e6-6ccfa00f4055,3066436.34,New York,2261.0,Condo,2025-10-24,3,1,1993
6a0cb1c1-c244-4cc9-b442-7dadc48b6258,1060537.27,San Diego,1697.0,Villa,2026-02-11,1,1,1951
d8ef0140-ed02-403c-92c9-4e583813146b,3780490.8,San Jose,4155.0,Townhouse,2025-06-02,2,3,1988
df1704b7-2d65-42d6-b0e7-26d5c580aee4,587457.7,Philadelphia,3135.0,Condo,2026-04-29,1,4,1976
dbc57322-7ec0-478f-9797-2a3e7bd0a4b9,372960.54,Chicago,1074.0,Apartment,2025-05-07,5,2,1997
f1dd3c0b-064e-48f0-8bd1-7ce0c53b5756,2376644.59,New York,1696.0,House,2026-01-19,1,1,2011
f9a31124-745f-4b62-82d5-b36247f15772,1258712.27,Los Angeles,1621.0,Condo,2026-03-21,3,4,1959
cdf88a68-89bf-4e7c-9acc-ffb27c2c524e,3026729.61,New York,2102.0,Villa,2025-12-10,1,1,2021
8abfd167-2543-49eb-b0da-caaaf452333b,815575.83,Houston,4364.0,Villa,2026-02-25,5,3,1979
db5febbe-d488-4bec-88fb-ec76d520f006,229019.32,Dallas,1113.0,Townhouse,2026-01-28,4,3,2022
39937040-f680-4ad7-abd2-db9e233213d8,366961.77,Houston,1566.0,Apartment,2026-02-08,3,3,2008
a26f3813-2b3a-4487-b3d4-67048e80bca0,1876467.65,San Diego,3537.0,Apartment,2025-12-04,4,2,1968
86032af9-c39d-4d52-ad35-da0b463ee627,246476.46,Dallas,1092.0,House,2026-04-28,4,2,2016
facf9f3f-a85b-404f-a5b7-6d5e24c8aca7,805638.85,Phoenix,4022.0,Townhouse,2025-07-11,4,2,1985
4608765a-3bb3-441a-81db-281227217de1,399756.97,Philadelphia,1886.0,Apartment,2025-05-02,5,3,1998
2baac519-62f2-4185-9803-1e24044c8156,939006.67,Dallas,4997.0,Apartment,2025-11-22,4,3,1965
3de55be2-f487-4833-94e3-feee48bb0096,786175.83,Chicago,2358.0,Townhouse,2025-09-20,3,4,2012
50a52347-bd65-4c9c-8278-5ab9ef63d213,2640784.22,San Jose,3546.0,Townhouse,2025-11-17,5,1,1990
bec62e1b-b562-4e75-b896-7fecf04eae56,715871.14,San Diego,1408.0,Villa,2025-12-11,5,2,2015
2c1ff4d5-309b-4f4a-8744-0edbfdfc03de,1280746.43,Los Angeles,1714.0,Villa,2026-01-30,4,4,2013
8639cdc5-4079-43eb-b3bf-3e3b64bb8e96,1085848.94,Phoenix,3714.0,Condo,2025-07-18,2,4,1964
cadc0ca4-cb15-46e0-82e3-a9061d5541cd,1913879.13,Los Angeles,2262.0,Apartment,2026-05-02,4,3,1950
c66a63c9-4297-40b8-bbef-5d42ab18fef8,376031.65,San Antonio,2491.0,House,2026-01-16,1,2,1974
975bc45c-cbb5-465b-b048-b8bc33f5a0b0,644303.32,San Diego,,House,2026-03-08,5,1,1997
6a609a98-1c08-4c8c-ad51-ca843a85e847,2336207.02,Los Angeles,2585.0,House,2025-08-17,3,2,1991
8a2a9700-e144-4c9a-b590-a65188e71dc9,395878.74,San Jose,521.0,House,2025-06-26,1,3,1992
088edcba-3218-4db1-a291-33b660875a12,163874.48,Philadelphia,861.0,Condo,2025-08-25,3,4,1986
7d60288b-abe5-44be-9c48-337fdae9b7f0,3962010.61,San Jose,4540.0,Villa,2025-06-21,5,2,2000
2f42afe0-04c0-4e40-b66f-dcb91dfc6024,551239.43,San Diego,786.0,Villa,2026-03-18,1,4,1957
8b6060ad-8d52-4be7-8fbf-41f255117e91,661203.75,Dallas,3173.0,Apartment,2025-05-26,3,2,1974
d936356e-56f8-4802-a29b-49a19612df6b,728524.16,Dallas,3138.0,Apartment,2025-08-12,4,3,1968
d2937a91-ad7b-46f8-b7e3-2880a6b77830,1392378.5,Los Angeles,1775.0,Villa,2026-04-29,2,1,2019
d2e0a20c-63ff-40cd-ba28-56888c469fe4,403556.83,Phoenix,1558.0,Apartment,2025-05-25,1,1,1958
7735330a-d712-47f5-b142-889cd228252f,3110692.76,Los Angeles,4184.0,Condo,2025-08-07,2,2,1989
bee5c065-0648-4531-9f6a-aaa6f3521d2c,970633.14,Dallas,4325.0,House,2026-03-10,1,2,1961
17a8c741-c347-4514-840e-0f4b55978c0f,1596647.82,New York,1207.0,Apartment,2025-12-18,4,4,1982
e39a0fc8-4289-415b-83a6-e013af166958,463383.99,Philadelphia,2707.0,Townhouse,2026-01-29,4,3,1954
37277693-0867-4c06-a3eb-fffe960600e8,3537056.75,New York,3482.0,Villa,2026-01-02,1,4,1963
496c9533-99fc-4516-9cef-981e548ba56e,574298.23,Philadelphia,3438.0,House,2026-02-04,2,3,1984
bfd070f3-d9f0-4983-8b40-b927a4daeb7b,1718642.32,Los Angeles,2202.0,Condo,2025-07-31,3,4,1953
140fdb33-ce39-448a-b87a-19574ae8ff9e,738360.84,San Antonio,4278.0,Townhouse,2025-05-03,5,2,2004
775a09ae-a3bf-491d-a99d-8d0566133d44,1303552.42,Phoenix,4446.0,Villa,2025-07-06,5,1,1984
7d36fabd-fbf7-44e8-878d-46f58cb597f5,897158.62,Los Angeles,1176.0,Apartment,2026-04-15,1,1,1956
9e45bb36-206a-49e8-9234-63227a420c63,735689.84,Philadelphia,3882.0,Villa,2026-01-31,4,2,1987
feeeb702-64b0-4338-aff9-b14e27517930,683657.96,Philadelphia,3894.0,Villa,2025-07-27,3,4,2010
8f5edffb-8e4b-4b4b-8f6d-4dd2b21363ba,2989426.79,Los Angeles,4123.0,Townhouse,2026-02-02,3,4,1980
490452a4-a220-4942-9674-6648fea24074,709754.38,Philadelphia,3739.0,Apartment,2025-10-19,1,3,1954
8c059acc-0ba4-4bfc-b139-8b5ac511ad89,866826.16,Chicago,2628.0,House,2026-04-04,4,3,2016
d89b0744-5a6e-4aa1-b63c-30e524244a86,307766.22,Philadelphia,1548.0,Townhouse,2026-02-28,4,1,1986
5b8b32fc-d53b-409d-bc3c-b6ad496bd9c9,384225.53,San Antonio,1970.0,Condo,2025-08-28,4,4,1995
bb759840-8074-4fb1-92fa-23767b33365e,301824.94,Houston,1764.0,Apartment,2025-11-14,2,1,1967
6d74a150-da1f-4245-96db-44393a9f440c,140085.51,Philadelphia,591.0,Condo,2025-12-19,1,4,2012
3f78faba-09a1-4bb3-beb3-dbc7380787a9,1103185.27,Los Angeles,1166.0,Condo,2026-04-22,1,1,1957
121604d1-c42b-4669-8fa2-48d49c5d07da,292047.26,San Diego,608.0,Apartment,2025-05-21,1,4,1989
fa9934da-8d6b-4381-a704-8e19667b431f,1182822.39,Chicago,3823.0,Apartment,2026-01-30,1,4,1975
70e8fbd9-864f-43a3-93ba-fcda22dfc149,342714.68,Philadelphia,1608.0,Townhouse,2025-12-03,2,2,1968
ca233f7c-bce8-4099-b43c-9598bd0c83ff,365301.73,San Antonio,2201.0,Apartment,2025-05-20,1,4,2019
c66d0e44-a978-4bbd-b15c-a0b0dcc2d32a,929019.7,Dallas,4117.0,Condo,2025-09-19,1,1,1952
e4c9c693-2914-43f9-bb67-4a34293e261f,808312.55,Houston,4128.0,Townhouse,2025-08-18,2,2,1995
96e3dff9-586f-4fdb-8639-da579465ce84,768356.04,San Antonio,4598.0,Condo,2025-11-13,1,1,1981
a1090f68-7796-4b04-a107-7bbcc9a8d185,444519.6,Phoenix,1676.0,Villa,2025-08-03,4,1,1988
8ca0903a-109e-498b-a086-98fd99d3e073,248836.5,Phoenix,,Apartment,2026-01-19,4,2,1979
d882450d-a72e-4aeb-ae9c-9c620f004d71,1240293.34,New York,1245.0,Villa,2025-08-29,5,3,2021
40f90ab1-e9f9-4dea-9f45-047434beff79,1075181.13,Phoenix,3980.0,Apartment,2025-08-04,4,1,1975
7d7d8cda-e5c9-4adf-9f39-d1c678ed63c9,180030.69,Chicago,561.0,House,2025-08-14,5,3,2007
dda580a0-4cd7-4c3d-a410-f185f0085fd8,,Houston,3376.0,Villa,2025-08-05,2,1,1999
1fb5c69b-6325-4c9b-a6b4-47bd35ed293e,131527.22,Phoenix,571.0,Villa,2025-11-21,4,4,1968
52b543d2-3df6-4935-822d-c9963f5447d5,4800847.38,New York,3798.0,Villa,2026-03-22,1,4,1979
5df6b76b-92c0-4d7c-8974-539bdabc3fb2,1280065.91,San Diego,2467.0,House,2026-04-21,3,1,2008
db73d4be-9b05-4385-888b-3c8c7c3a732b,537128.74,Houston,2509.0,Condo,2025-07-04,1,2,2021
8ec6fcec-305f-4d05-bf70-2d7dda5bf683,697811.86,Houston,3537.0,Apartment,2026-01-12,1,2,2021
dd8f6262-dfa4-4f63-b145-5eca0fe45918,973353.05,Chicago,3011.0,House,2025-06-04,5,3,1960
d10cd790-7b8d-4d20-8455-6912e0ff324c,2157661.17,San Jose,2625.0,Apartment,2026-04-21,5,1,1972
ab40b755-fcaa-4700-afc2-e7aeb3950339,5782788.74,New York,4203.0,Apartment,2025-08-07,5,3,1985
964c8dd3-d476-4111-825a-40fbee0b399c,580937.42,San Antonio,3003.0,House,2025-10-08,3,3,1961
4771fb95-609c-42e6-a767-32d210a0f7dd,822325.97,Houston,4073.0,House,2026-03-22,4,2,1966
b54e3e21-d9b0-4a47-a780-07ef5461be31,1599076.76,San Jose,1585.0,Condo,2025-11-17,2,4,1969
7aa4034b-3ca7-4b8d-97bc-3eb93e94b83f,554215.98,Phoenix,1941.0,Apartment,2025-09-21,5,4,2001
6fca1792-9467-43cd-8023-6b7624015ecf,3500244.34,New York,2527.0,House,2026-02-04,2,3,1952
219e652c-ed96-4ebb-9484-ff10f4976e4a,1237931.68,San Jose,1267.0,Condo,2025-12-14,4,2,1986
0593ee21-3f2a-414b-b4a0-c7566d447370,972089.57,Dallas,4490.0,Apartment,2025-05-17,5,2,1965
a7f494f9-76c0-4de1-895a-8bb8a5800216,3219354.79,Los Angeles,4775.0,Apartment,2026-01-31,5,3,1992
a832f8e1-6bef-409d-8cd6-59f7f18aa957,141332.49,Phoenix,527.0,Townhouse,2025-10-20,5,2,1959
393d9b5f-f50c-44b1-9f60-4e29e49b8e59,725130.97,Philadelphia,3604.0,House,2025-11-28,4,2,1966
9a1d0c8c-5453-4206-a3e1-81c4fc44f4dd,355284.98,Philadelphia,2036.0,Condo,2026-04-03,1,4,1950
dd670341-02df-4a34-a7d5-26f5ffe85f7d,429081.86,Chicago,1193.0,House,2025-09-27,2,3,2009
2a778ffe-2b70-4f76-bbcb-1f41e9d4b59c,843513.53,Dallas,4785.0,Condo,2026-03-17,1,3,1971
0fdbb8e7-2837-400e-a8e1-b1f4581d2502,1196018.79,Chicago,3772.0,House,2026-04-11,4,4,1955
83d18795-2a57-4776-b78d-eae5f842fab9,344630.34,San Diego,587.0,Villa,2025-10-30,5,1,1983
fa2d3691-d945-4184-8712-95094a8812a1,1033198.61,New York,826.0,Condo,2025-05-08,2,2,1968
191c0e10-cdd6-4670-bd6b-dabde378d77f,841553.54,Philadelphia,4237.0,House,2026-04-02,2,3,2010
5b0332c8-e415-43b7-b12a-02361a6daf4b,968395.76,Houston,4781.0,Apartment,2026-04-11,4,1,2018
667bcb00-ad38-4fbe-b249-1daa99fb3188,140338.52,Dallas,551.0,Villa,2026-01-27,2,4,1955
6aaeb8cd-2495-4bc0-8409-1acccf402e55,155388.25,San Antonio,777.0,Townhouse,2026-01-17,4,4,1984
970eb816-b9d6-48c6-b7c7-1bbb447189b6,194677.98,San Antonio,981.0,Villa,2026-01-11,1,1,1994
87e40b90-8666-4b43-a046-43a7fee30867,203473.08,San Antonio,1207.0,Condo,2026-03-27,3,1,1975
16eac0af-1e8d-4828-b281-f84224a783c1,856315.98,Phoenix,4111.0,Townhouse,2025-08-06,2,3,2007
50ed34c4-c6d5-4eae-b1ce-d7babf00c481,772168.76,Philadelphia,3333.0,Apartment,2025-08-24,1,4,2018
34080b0b-d968-49ee-907d-5a9ca88801b0,,San Jose,2413.0,Condo,2025-11-27,4,1,1985
e3732157-39ac-46f9-8746-9f56d87b5669,2293493.9,Los Angeles,2457.0,Townhouse,2025-08-22,1,1,1992
216a91d5-d526-4018-aa06-c7a866291fdc,,Houston,1618.0,Villa,2025-11-21,2,3,1959
91a90475-b3e1-478d-9645-96bbbc7cdb46,2833365.37,New York,2663.0,Villa,2026-04-04,3,4,1967
6165e36e-65f4-450b-8e33-104eb92ebb09,177185.31,Philadelphia,804.0,Townhouse,2026-02-26,5,2,1997
3f9acdfd-1db7-475e-b1ce-63240ada3a7e,1670912.81,New York,1607.0,House,2025-07-02,5,1,1981
1a3ca785-d83d-4738-b38d-e63d16cc5ed4,447433.63,San Antonio,2215.0,Townhouse,2026-03-20,1,4,2007
7742eaaf-2ff1-483d-aa4d-4d69da7587ab,521671.27,Houston,2751.0,Villa,2026-02-02,2,2,1993
81adfcd5-31cb-433c-ad7e-0020970b2143,4348035.06,New York,4318.0,Villa,2026-01-12,5,1,1969
8461e6fb-71dc-499c-89d2-0071483f4bd1,,San Antonio,2305.0,Villa,2025-06-12,1,2,1974
c33a7359-5760-42bf-aba1-a5f11d8e0211,2354911.56,San Diego,4508.0,Apartment,2026-04-18,5,4,1980
d9ce6169-2c4b-4cd0-ac99-637eb92a4f52,655144.0,San Antonio,3414.0,House,2026-03-05,5,4,1979
a8708d75-b458-488e-8ccb-9c211c82cfd1,4191638.05,New York,3209.0,Condo,2026-04-04,1,3,1971
c3e72aad-ccf0-4721-b4c5-7a6da5a01435,836658.72,New York,827.0,Villa,2025-11-23,2,3,1963
9146c068-491b-4b6c-abd5-15e99bf4b17f,415143.48,Phoenix,1452.0,Apartment,2025-07-25,5,2,1973
26a89e24-89b8-439f-ad1a-9e1d5f41c7dc,911242.82,Houston,4978.0,Townhouse,2025-09-06,5,3,1950
b2f711a1-e1c6-4e29-af3e-97e1a21f084e,1140962.16,Los Angeles,1778.0,Townhouse,2025-08-05,3,2,2000
d323d827-ef71-4c41-9436-3dc00b6ca65c,666810.11,Houston,3719.0,House,2025-09-22,1,4,2015
c392d48a-867b-490c-a0b7-b832e5cc9873,4466452.68,New York,3497.0,Apartment,2025-11-14,2,2,2017
bbcb0f19-7356-42d9-bbb8-dce139a9e3e9,3625049.86,New York,2995.0,House,2026-01-25,2,3,1977
1bb119f0-6cbf-42ad-92b7-b18686bfc274,,San Diego,2017.0,House,2025-10-31,3,2,2021
c2cc15ee-4838-4150-b8e1-b2b9d018efdb,672990.31,Chicago,2675.0,Apartment,2026-04-13,4,3,2020
7b273151-d897-4378-9be2-d87ed462786e,1360288.25,Chicago,3835.0,Condo,2025-07-27,2,2,1971
c03fc57f-ea35-47f0-a36a-ab1a3996e5d3,1436727.89,Chicago,4498.0,Apartment,2026-03-21,1,2,1981
a68adc04-f3e9-48a3-9f6d-548505c309f6,521576.36,Dallas,2813.0,Villa,2025-09-10,1,1,1975
f990c2c1-d943-4314-8300-1549c249b5ad,2166835.47,San Diego,4369.0,Apartment,2025-12-23,3,3,1957
dce8de18-cd4a-49a8-bdc6-65ffdee70baa,3763753.09,New York,3071.0,House,2025-12-27,5,1,2023
f4cdf307-06c9-4721-a932-aa561baed33c,550417.71,Phoenix,1885.0,Villa,2026-02-25,1,1,1964
c7cbc5fb-f745-4b31-9276-d47df856c99f,2675981.38,San Diego,4311.0,Apartment,2025-09-21,1,4,2000
c79d4d53-0637-401a-bb6d-1811c26901c3,1664248.5,San Jose,1763.0,Apartment,2025-06-29,4,1,2012
5c9fd962-b9d0-4c3e-bd5b-6b2f4662729a,,Los Angeles,912.0,House,2026-04-08,1,2,2005
06cbff67-bd56-4af8-8664-651f407c99f6,916527.15,San Antonio,4933.0,Villa,2026-04-23,3,2,1954
ae56d49a-50d7-4a96-a123-9603e9948b73,553757.39,Philadelphia,2864.0,Villa,2026-03-03,3,3,1967
d8e4fc6b-9e2c-4bc2-a5a5-6501cde43114,372170.66,Dallas,1741.0,Townhouse,2026-04-12,4,3,1990
50e9e851-ddc6-4e0a-add7-1dbf7dd760a9,367818.23,San Jose,510.0,Apartment,2025-09-08,4,1,1991
7956e3e7-5944-4006-aefa-27a698901d76,6384256.43,New York,4932.0,House,2025-05-18,4,1,1963
f39c2a14-a1fd-4735-9f2e-92163a1ac8e1,941085.64,Phoenix,3232.0,Condo,2025-06-21,3,3,1981
2792ae28-b9b0-4463-8bf4-c31190dccf97,1683896.78,Chicago,4934.0,Apartment,2025-09-13,3,1,1960
0f592beb-7949-47dc-81d3-bf909074e751,2951673.6,Los Angeles,3081.0,Villa,2026-03-17,1,1,1970
ee02fed8-7aeb-4c96-92a7-90e9be4ae7a5,4601639.07,New York,4342.0,Townhouse,2026-02-05,1,2,1981
c94323e7-c910-4d34-b580-a5c2e16b5336,357647.81,Philadelphia,1807.0,Condo,2026-04-14,1,1,1961
561af6a5-dec7-412b-8966-ca10eb94560e,2107734.49,San Jose,2821.0,Apartment,2026-01-08,1,3,1987
c1d11702-e09a-468c-b363-f58734ee5339,2327125.61,San Diego,4766.0,Townhouse,2025-05-24,5,4,1961
1ab8b40a-7067-498e-b339-c3600bef2da6,856435.4,Chicago,2469.0,Apartment,2025-07-19,4,4,2003
01f1f77d-dc4c-40f8-bab3-68f3a5f02a87,1365264.61,New York,1360.0,Apartment,2026-03-12,4,1,1967
29187303-09fd-4d16-82e7-e942ea0e6cb9,620072.74,Philadelphia,3365.0,Condo,2025-07-22,2,2,1961
652da4cb-47b6-4a4f-8383-cdd8a864a11c,1509568.06,New York,1156.0,House,2026-03-12,4,4,1982
f9d30227-f1e4-40b9-a1cf-c503a7a408a6,3295848.44,Los Angeles,3444.0,Apartment,2025-07-01,5,3,1968
b7e925dd-c338-4764-bad9-18c83f3937da,128878.72,San Antonio,624.0,Villa,2026-03-02,5,3,2012
09eac413-59c9-4ea5-aa0e-4af061ff75a0,529253.62,Dallas,2505.0,Townhouse,2026-03-20,5,2,1995
b7aa70e8-5923-4c9d-b261-e4dfe72f833a,2330753.78,New York,1701.0,Townhouse,2025-05-20,3,1,1967
273b1d43-a9e8-48ed-a8b3-2402a5e05c7b,488064.18,Chicago,1702.0,Condo,2025-09-03,2,3,1974
85b8682f-ab3c-49b0-8cf8-dffce6a27182,713728.23,Phoenix,3441.0,Condo,2026-04-25,4,1,2003
7a07f420-b906-441e-9f97-00bc5db87b38,2744251.85,New York,2857.0,Townhouse,2025-07-30,5,1,2015
7e0cc7ac-6d34-405b-abfa-2ec26560352a,,Chicago,4494.0,Townhouse,2026-03-05,5,2,1960
8b68ad78-83ac-44be-b679-de1b3c0def27,206828.77,Chicago,817.0,Condo,2026-04-02,4,1,1964
59c78b1e-7d6c-4cee-a292-53348d77dcf6,1250219.21,San Diego,1818.0,Condo,2025-08-07,2,3,1981
56ec9e41-9aa1-4e14-990c-6b2baa318599,1738649.33,San Diego,2545.0,Villa,2025-08-21,4,4,1963
65866894-1374-47ed-b60a-2d58845ac373,2883658.53,Los Angeles,4200.0,House,2025-07-14,2,4,1998
59b98240-20a0-4287-a413-1b0cd46b764f,550437.73,Houston,3413.0,House,2026-01-22,4,1,1980
c86fd5e6-002f-42fe-b4bd-90adfddfdf0d,401460.26,Dallas,1611.0,House,2025-12-02,1,3,1973
ac97241c-48b8-4d08-a30e-5f4cf23e802c,1073281.08,Chicago,3382.0,Apartment,2026-04-05,2,4,1974
b45ad894-7913-443e-ba15-59e728e61a86,667365.5,San Antonio,3877.0,Townhouse,2025-05-11,5,4,1961
ba625613-2a13-4bb5-b1af-4083ade5bee7,784638.68,Philadelphia,4767.0,Villa,2025-06-04,3,3,1998
863ed643-c4c3-40aa-ba66-461e8ba3e252,782933.63,Phoenix,3163.0,Villa,2025-10-21,1,2,2015
a826bea0-9aa7-4357-9093-1706550acda1,1144384.16,Dallas,4678.0,Apartment,2026-01-19,2,3,1972
7d36fabd-fbf7-44e8-878d-46f58cb597f5,897158.62,Los Angeles,1176.0,Apartment,2026-04-15,1,1,1956
8c5a7f6e-7cd0-44e5-9a49-8c0ca7673e0f,702879.27,Phoenix,2546.0,Villa,2026-04-03,2,3,1977
05a409ef-0051-4f0f-97f8-c091d1718ab5,474339.57,Houston,2287.0,Townhouse,2025-11-12,4,1,1969
a0a457ce-33ef-4f67-b05f-83b47da8570b,977616.68,Dallas,4163.0,Condo,2026-01-04,1,2,1972
d63efb39-cd98-4d0c-9622-6dc36ea48956,117561.31,Houston,575.0,Condo,2025-07-02,1,4,1953
fa051dad-1e5a-4d12-95fc-d8da9a3374c2,1586311.27,New York,1576.0,House,2025-06-01,4,3,1969
64245f89-b389-4330-9fd0-56de271ad4a9,114821.41,Houston,537.0,Apartment,2025-06-13,2,3,1983
19973d68-1feb-4339-8489-132791de7a28,259382.62,Houston,1370.0,Apartment,2025-12-17,4,2,2002
78c54f7d-e0d9-45c6-a517-249865e6d8d2,1567243.62,New York,1151.0,Townhouse,2025-09-09,1,2,1951
05e543d4-a7a7-4aec-a9d2-d672f01bb36f,269733.86,Phoenix,903.0,House,2026-03-22,3,4,2004
54102a09-a3b3-4672-80fa-35d899820f14,507750.66,San Antonio,2946.0,Villa,2025-05-03,1,4,2015
232eaa20-4649-4edb-a50c-c0c526cd912c,317355.8,Philadelphia,1330.0,House,2025-11-03,2,1,2014
c19c5a08-7bf8-4dda-9e8a-1a2d8c52b240,2739210.2,Los Angeles,3371.0,Townhouse,2026-04-19,4,3,2005
bcc31956-0828-4e77-90cc-eabba320dfcb,631075.82,San Antonio,3298.0,Condo,2026-02-08,5,1,2020
9bde8682-21e1-4830-a468-567c156b35ff,806466.5,Houston,3446.0,Condo,2026-05-02,1,3,1989
c5a4d3d2-6b2b-4dd7-9da8-1f426317a2d7,919992.45,San Antonio,4346.0,Villa,2025-12-21,2,2,2022
c9dc68da-7463-41cc-b703-9b5479e3cdf2,295597.63,San Antonio,1930.0,Villa,2026-01-20,3,2,2008
4c7bf822-1cf3-463f-ae0c-20f00c373b2d,679177.27,Houston,3267.0,Villa,2026-02-23,1,4,1975
f0aa74a2-d87e-4f59-8d5d-312767b3d57d,1090338.4,Chicago,3351.0,Townhouse,2025-05-22,3,1,1993
68574514-80f2-45a8-8891-3be2f798e563,194352.0,Houston,1067.0,Condo,2025-11-23,2,2,1973
65dba411-7b03-40c0-8d54-a8919e08ed73,2535485.37,San Jose,2821.0,Villa,2026-03-10,3,2,2004
31e0607c-79d3-42d5-b234-34004eb44622,1272921.7,Chicago,4168.0,Apartment,2026-01-12,5,2,1963
a1764a25-eb4a-4f83-b595-a2669a7d6c5b,1333984.21,Chicago,4246.0,Apartment,2025-09-03,1,3,2008
bcc31956-0828-4e77-90cc-eabba320dfcb,631075.82,San Antonio,3298.0,Condo,2026-02-08,5,1,2020
62450c72-5f34-445e-a923-ff4a1371af88,1708463.98,Chicago,4761.0,Townhouse,2025-07-13,2,3,1951
cd6ec97a-0ee1-4e9f-8175-4fb89dba77e5,3243778.8,San Jose,4395.0,Townhouse,2025-09-18,4,2,1982
bcdb0673-9f65-4778-bcbf-eb5b559121c5,406623.52,San Jose,555.0,Condo,2026-04-23,3,4,1966
ec714171-2cd8-4348-9c2f-91dcd36d3256,726862.93,Phoenix,2848.0,Townhouse,2026-02-23,1,1,2004
7b351d9a-270c-4922-9730-7c0238e87b2a,643600.65,Dallas,2960.0,Apartment,2025-11-14,3,1,1962
8a7ecf1a-44c5-4079-be5a-d85d0175f0a2,533343.18,Houston,2849.0,Townhouse,2025-09-10,2,3,1991
a1048234-4e38-4279-9b03-e8eca644b6bd,610942.75,San Antonio,3760.0,Apartment,2025-12-24,3,3,1991
0701ddf0-b608-4351-aba2-aee067e648f6,815393.28,Los Angeles,852.0,House,2026-03-22,2,3,1955
f27b5446-a31e-4df4-a73c-0fe6c61f8b0e,4563287.41,San Jose,4776.0,Apartment,2025-06-03,5,2,1950
1db62ceb-4025-4dc4-9dce-3799a0e459d5,1912178.46,San Jose,2511.0,Apartment,2026-04-27,5,3,2014
7a02a9a3-c928-4dca-9725-d3cfb69f7b35,604001.59,Houston,3702.0,House,2026-01-19,4,2,2010
817076bc-dadf-4cfb-9c41-84ce1140a46b,,Philadelphia,2595.0,House,2025-12-21,4,2,2016
828cf56f-7c50-46d2-9436-21920a63210f,608797.98,Phoenix,2234.0,Apartment,2025-10-22,4,3,1955
8e4c0011-b2e8-4c57-b4a7-4479c5ce7621,491632.92,Phoenix,2372.0,House,2025-12-06,5,3,1966
fbd4a490-f492-45c6-9824-8753f1f63e90,1376510.01,Chicago,4182.0,Townhouse,2025-10-28,3,2,1980
410eaeed-846e-4bd0-8778-21a95350434a,872546.36,Houston,4606.0,Condo,2025-08-17,5,4,2001
8e01817a-81b4-4550-80e6-1f8159267465,585529.88,San Antonio,4019.0,Apartment,2026-03-21,4,4,1975
ed6306f1-f6b4-41a0-bdca-076c90f947cf,2144362.81,San Jose,2284.0,Villa,2025-07-25,3,1,1950
03ded2dc-d099-49cb-858a-5cac77c09102,2235284.08,Los Angeles,3024.0,Apartment,2026-05-01,3,3,1991
5b0a9759-da22-4904-b052-5ae7e52c5a02,258424.63,Dallas,1007.0,Villa,2025-08-13,5,1,1955
72424847-2e64-4ba5-86f7-8a6b103e900a,2465123.81,San Jose,,Villa,2026-03-13,1,1,1959
e1bdb512-4463-4791-8d02-388c5911a723,2412293.34,Los Angeles,2911.0,Townhouse,2025-06-20,2,2,1969
6fc8b2b2-cd24-468e-858c-c2c3144152a6,3283975.51,San Diego,4881.0,House,2025-06-26,3,4,1954
64989a59-b425-4060-bf6d-ebcb13c25013,2105070.06,Los Angeles,2575.0,Villa,2025-07-18,1,4,2007
b39355f9-cde1-4dfa-afff-457a71e07fb6,661693.71,New York,679.0,Condo,2025-11-14,4,2,2022
24c06c63-6356-4612-a627-761b13abde5d,1166022.92,Phoenix,4517.0,Condo,2025-07-30,4,2,2014
98346d54-0a0d-488f-8029-28b9e8c5b413,663509.23,Houston,3065.0,Villa,2026-02-24,3,1,2016
87e080d0-01e4-47fb-aabb-b0f75bc57faa,747275.18,Philadelphia,3518.0,Townhouse,2026-02-12,1,1,2020
29f458c7-1fad-44ef-8b98-0945cdd8bb87,978437.59,Chicago,3941.0,Villa,2025-09-05,1,3,2003
97df2e20-8732-4746-8f45-ea426b7e6f4c,874903.43,Dallas,3425.0,Townhouse,2025-10-20,3,3,1984
d30f011c-76e7-4320-8e8b-6c19d7fbf32c,4554181.3,San Jose,4676.0,House,2026-04-30,5,1,1999
01deb0d8-1815-4e47-8012-78baf271c8e6,155465.14,San Antonio,764.0,Villa,2025-10-13,4,4,1967
942aaa3d-963c-4dcf-b08c-73b44923f49a,278918.59,Phoenix,1286.0,Apartment,2025-11-12,2,2,1969
994f7917-8ba9-4005-b113-7609902648ac,725172.16,Phoenix,3512.0,House,2025-07-24,4,2,2017
7e045efa-c084-4a92-aae3-30b2562df489,781655.76,Dallas,3233.0,Condo,2025-05-25,2,3,1967
a480742b-7078-46d9-b56c-cd6412367145,383710.21,Houston,,Apartment,2025-05-30,1,3,2008
017f9249-74e9-4002-929f-6a9a6210c593,579469.42,San Jose,742.0,House,2025-10-17,1,2,2006
5aecb934-3254-4d99-a03b-fc8cdf387136,1339642.9,Chicago,3825.0,Condo,2025-10-08,1,1,1968
9d3f4108-1f0e-4a55-8aba-d89d1f0f075d,1089807.43,Phoenix,3753.0,Condo,2025-09-01,3,4,1969
46de0c56-887c-4549-b219-3cda0122e27b,1578185.01,San Diego,2924.0,House,2025-10-02,2,3,2010
da4f4a78-2614-4c2b-800a-ac7d203cf23f,3773941.78,San Jose,4388.0,House,2026-01-16,5,4,1962
16bb4921-aad6-4f2f-a768-777c4fd69426,2845611.18,Los Angeles,3217.0,Townhouse,2025-08-31,1,2,1983
6b6694b5-04e0-42a2-822e-69f4f3f929ab,583305.9,Phoenix,2006.0,House,2026-02-23,1,2,2015
5817e3a2-16b0-405c-93d8-e32e5aae7945,166522.43,Dallas,849.0,Townhouse,2026-01-22,2,4,2003
d133addb-0013-4183-bca0-1eca421d4807,749003.9,Dallas,2938.0,Apartment,2025-06-21,3,3,1966
f04b4051-01b4-4c4e-af6a-60a486542e17,789001.41,San Jose,971.0,Condo,2026-01-27,5,4,1955
8c63105b-160e-416b-af75-5b0408bf1630,576662.35,Phoenix,2836.0,Condo,2026-04-07,5,4,1966
ac356976-0539-4ad4-97f3-f1cac3ea8a17,2779596.45,San Diego,4432.0,House,2025-12-16,3,2,1975
f4d5e01e-1492-4a6d-9f5d-653c79b157f1,,Los Angeles,2972.0,Apartment,2026-03-28,3,4,2022
13cd5f13-030c-40d0-8343-8002aa6ee92a,3385860.57,New York,3262.0,Townhouse,2025-05-10,5,4,1990
6a9d3a14-8bca-40ae-a10b-0d0e967833cc,909131.3,Chicago,2552.0,Condo,2025-11-10,5,3,2023
1e707e07-17dd-486c-9a6a-7ebe213f2785,122435.84,San Antonio,588.0,Condo,2025-08-20,1,3,1997
ec30cf02-d96a-40c0-9efb-99e22dcdf7e1,4275824.41,New York,3567.0,Townhouse,2025-10-15,2,2,1975
5d460e1e-d761-45b7-82bb-1915b4cff067,430993.57,San Antonio,2456.0,House,2026-02-18,1,2,2019
430f1e34-6e84-4ab1-b951-4cd3d94d6c25,509161.22,Dallas,2332.0,House,2026-02-09,4,2,1961
49d34138-55a0-40e2-9d68-86599bb9a673,4473015.99,New York,4134.0,Townhouse,2025-06-19,1,3,1972
f33e2f4c-1940-406f-a4da-ae5b4c7bea56,219095.54,San Antonio,1344.0,Condo,2025-12-08,3,1,1985
d04629d3-5d84-4c0d-9e83-81337a032426,1949037.54,San Diego,2782.0,Villa,2026-04-02,4,1,1959
3f042ecb-ea6a-4131-8cda-cc4989e93be3,405289.22,Chicago,1309.0,Villa,2026-02-28,2,2,2006
abc876d7-775c-444f-bf78-31ab626b0f30,2215697.18,San Jose,2301.0,House,2025-08-13,4,4,2018
d4eabb14-6341-443d-a2a3-279dcdab7030,,New York,,Townhouse,2025-10-26,1,4,1992
50df3fea-13da-45ee-b2fa-c5f1ada0b384,2887505.68,San Diego,4779.0,Apartment,2025-08-27,1,3,1980
e2623cb4-17b3-44d9-bf40-f06eb76ac7c7,751807.09,Los Angeles,824.0,Villa,2025-08-29,5,1,2011
caac318f-c423-4af8-abb8-59f2f94e3384,641775.33,Phoenix,2656.0,Apartment,2026-03-02,4,4,1993
c470dd7e-eff7-4e2d-ab38-ed16959586cd,633332.96,San Diego,1139.0,Townhouse,2025-11-18,4,3,2009
e6b8aea9-0a3a-40e8-9514-9a3c9d9863c1,2356458.23,New York,2074.0,Villa,2026-02-25,5,2,1992
6fa8bcdc-2a56-46d4-b9d4-01250aacffac,904861.74,Phoenix,3907.0,Townhouse,2026-01-30,5,1,1970
d66dfd45-4d4c-4fbc-9d7c-312f83d5e6a8,841491.67,San Antonio,4885.0,Condo,2025-06-08,3,1,1997
a098b173-a81e-4b41-b035-0d18184b3fe2,378219.12,Houston,1856.0,Townhouse,2025-10-10,5,2,1950
6acb9b52-f4e1-4c43-a245-2b6ed262160f,,Phoenix,751.0,Townhouse,2025-10-24,4,1,1960
7e8206ef-f289-42fd-a3d6-1025f8fc4edf,1074390.31,Los Angeles,1329.0,Townhouse,2026-02-05,4,3,1966
be0defca-cbf7-4df0-a0e6-0120faec9c28,664828.4,Phoenix,2952.0,Condo,2026-04-25,3,3,1980
894d8aff-c0ac-4c50-b7dc-3392e6cf2c48,981514.27,Philadelphia,4750.0,Apartment,2025-09-18,3,2,1999
2c1566ef-bd5e-43a1-8166-d5f7b1a5532f,304896.54,Chicago,1030.0,Apartment,2026-04-19,1,4,1968
9a462107-ec29-437b-bc18-68245014c1ae,565170.92,San Antonio,2917.0,Condo,2025-12-23,1,1,1997
cf807acf-5864-420a-8cfc-ee938ba912f7,1114624.31,Philadelphia,4769.0,Condo,2025-06-25,2,1,1950
0a965b39-25e4-4229-a194-b89b2ddd19da,620273.78,San Diego,1022.0,House,2025-05-20,2,4,1997
768fe975-112f-437a-b5ef-6583d94f31c3,4934792.33,San Jose,4851.0,Condo,2025-11-19,3,1,2019
3778c756-400d-4240-bf89-7deb0c28c25f,1439830.94,San Diego,2331.0,Apartment,2026-03-09,1,3,2006
4b82886f-c159-487b-beb8-ea3041b3c291,589719.37,Phoenix,2334.0,Villa,2025-09-23,5,3,2014
6b39c64a-56f9-4e9c-b5b8-faa5bf673266,491299.82,Chicago,1655.0,Townhouse,2026-05-02,1,4,1954
24b800a2-d386-41f1-bc47-28123feb44a5,2374308.17,San Diego,4297.0,House,2025-10-16,4,2,1954
1a4e9c79-4489-4070-9b7e-8883a06668f8,4297490.13,New York,3576.0,Villa,2025-12-28,1,3,1979
5f4f4c8f-5f2d-44c5-aa51-fe3c230c0bbf,3149919.01,New York,2632.0,Townhouse,2025-09-13,3,3,2007
598b75eb-b741-47ca-a636-5239c78e0bc2,408399.97,San Antonio,2657.0,Villa,2025-05-07,2,3,1974
90ff852c-a0f1-4e52-aabc-1066e6972a48,153319.57,Philadelphia,952.0,Villa,2025-12-09,2,1,2012
164f3c90-0514-469e-b565-4b6617b53e79,1877323.96,San Diego,3884.0,Villa,2025-06-15,1,3,1958
c18cf46d-a347-46fb-a24a-473254f9cb6a,2285573.25,Los Angeles,3296.0,Condo,2025-05-07,2,3,1955
9e7b718d-9597-4b6a-ae5f-e84ec070267b,204152.75,San Antonio,1261.0,House,2026-03-16,3,1,1997
8f2bff31-19f1-4b6d-ab7d-a4b8abb7bef8,594677.61,San Jose,585.0,Townhouse,2026-01-04,4,4,1993
22870f39-4480-4b40-b7a3-bc430a9fd022,1856907.62,San Diego,2717.0,Apartment,2026-03-15,1,1,1981
23201b77-7b28-4e8a-bac3-ce9f107a686e,1040867.6,Los Angeles,1475.0,Apartment,2026-02-14,4,1,1967
291c6064-3a17-43aa-9da5-c303677d0f66,1391839.66,Los Angeles,1455.0,House,2025-10-12,2,4,1978
3481fa10-b8fa-460b-9664-bfe1fdfb0a1e,807807.87,Philadelphia,4004.0,House,2026-02-24,5,1,1982
9e82d47a-603f-4a4a-bee6-1207d3144c2b,463976.62,Houston,2429.0,House,2025-05-10,4,2,1979
175d589f-72cc-4ea8-ba43-db0d40374691,411276.44,Dallas,1712.0,House,2025-06-30,5,4,1954
5bed592d-fba1-47e9-ad9c-50f50c82b4b9,1545744.22,San Diego,2523.0,Townhouse,2026-02-28,5,1,1958
479c7925-0822-4f13-9c40-2e35c60557a4,209668.65,Chicago,616.0,Apartment,2025-06-28,3,4,1982
e6e2405b-d278-409f-a1c2-722a27e31ea5,481998.26,San Antonio,3153.0,Townhouse,2025-11-05,4,3,2020
f658c05e-5970-4ede-82d3-e6831da1e4e3,811265.0,Phoenix,3797.0,House,2025-09-18,2,2,1973
4a2a73a7-21ff-479b-86b0-4a1d9e3975fb,808420.84,Houston,3775.0,House,2025-08-03,1,2,1982
06b11e0b-6d6c-46f7-9b4c-c54e4adbeedd,1578300.62,Los Angeles,1837.0,Apartment,2025-09-15,3,4,1985
62896601-fd7b-4e40-88e0-7ce63b2cc4fa,1049903.91,San Diego,1746.0,Villa,2025-09-01,2,2,1952
aaa6d626-0bda-4fd4-8a3e-04eca2fcad7b,1334115.15,Chicago,4810.0,Townhouse,2025-05-28,1,1,2001
9c61c859-73c2-431a-a7e7-b965871d9f8c,1306224.05,Los Angeles,1917.0,Townhouse,2025-05-05,1,1,1962
271f6ed1-e7e7-4d42-9526-0195d6ed3465,247989.12,Philadelphia,1104.0,Apartment,2026-04-16,1,4,1985
b316a895-0516-4a43-ba69-063b818a64be,2707184.89,New York,1964.0,House,2026-03-22,1,3,2001
446dbf80-2520-486e-bd96-06e66e533d95,1118372.4,New York,881.0,Villa,2026-04-24,2,4,1959
ec8cde91-b4e3-4459-969c-92fb9bf6eea4,2619187.54,New York,1959.0,Villa,2026-03-13,5,2,1963
e36196df-9de9-4f7b-9230-6dfa48293ef3,2814667.64,San Jose,,Townhouse,2025-11-05,4,3,1979
3e2b9192-48e8-4e90-a682-fb0def627c5e,2129164.24,San Diego,3496.0,Townhouse,2025-11-18,1,2,1951
e320d2ed-1f1b-4f23-a21f-7e403149489c,280833.45,San Antonio,1948.0,Townhouse,2025-07-05,5,1,1965
10186b89-d4c2-41fb-8326-0971570f7c3a,808467.4,Phoenix,2804.0,Condo,2026-03-23,5,1,1961
16737257-ee9a-4cf7-ad42-30990cacaf0f,1292744.6,Chicago,,Condo,2025-12-25,1,4,1999
8b81131a-b934-405c-a1ec-67f4823eb538,763625.14,Houston,4450.0,Condo,2025-08-02,1,1,2007
7899831f-0807-4600-a63f-64faaea0c717,793573.69,Philadelphia,4055.0,Townhouse,2025-09-07,3,3,1993
d00902fc-beda-4e3c-99bd-825e35c24e0b,168448.32,Dallas,932.0,Condo,2025-07-02,1,1,2008
5df44cae-5020-4c00-8f0a-fa677492a783,3228802.0,San Diego,,Villa,2026-02-26,5,4,1970
ca8c690c-1655-4d53-817b-5331691f86ca,977324.31,Phoenix,4714.0,Apartment,2025-06-26,4,4,1999
dc5dfbb8-10cc-42fe-b2d8-912d663e4582,1059397.44,Chicago,3527.0,House,2025-10-03,3,3,1958
93bfd2e6-0912-42ed-814a-d611ff2ff6cb,1827678.44,Los Angeles,2251.0,Townhouse,2026-01-23,3,2,1961
60764ee1-d552-4b4e-b467-50a5934944dd,820756.06,San Antonio,4173.0,Townhouse,2025-10-15,3,1,1992
729f5497-3640-4173-a6bc-3e877cc672da,447345.66,Phoenix,1964.0,Condo,2025-06-25,3,3,2010
e14de1a2-d722-4472-a406-9415f3bffef6,,Houston,1829.0,Apartment,2025-12-02,1,3,2018
c61f564c-c630-4795-a4ff-67ac40e35ccb,643565.22,San Antonio,,Condo,2025-05-06,5,1,1978
8705ec0e-709d-4dd0-8be7-e522c9f8fc5b,464433.31,Philadelphia,2741.0,Villa,2025-09-21,5,3,1968
4df3b29c-f0bb-4037-aa23-1550f8f39784,180336.79,Houston,835.0,House,2026-05-02,2,1,2000
11a10355-2660-4ffb-b90d-a62aca7adde7,135789.79,San Antonio,706.0,Villa,2025-11-07,5,1,1963
60cf384f-cc58-42bd-bd40-edd015eaced0,2804256.92,Los Angeles,3154.0,Villa,2025-12-28,5,3,2011
311f116a-8835-4c8c-a9b2-91b41e657def,759809.88,Phoenix,3796.0,Apartment,2026-02-13,1,2,1971
960f772f-4496-43ce-872b-87bc1619375c,187238.12,Dallas,1047.0,Villa,2026-03-03,2,3,1955
da5c621b-10dd-4267-99bd-1ddadf5490e0,1748775.05,Los Angeles,2233.0,House,2025-10-19,4,2,2003
7ae4c974-0d3d-49fe-af6f-6088a05ac946,727025.08,Dallas,3268.0,Condo,2026-04-30,3,1,1976
7012ca20-1785-4df5-82e5-66e8c6d6e90d,1957557.05,San Jose,2448.0,Apartment,2025-11-26,1,1,2016
d4037900-5ff9-4221-bc0c-6ee85e5f32f0,738881.87,Chicago,2607.0,House,2026-03-08,2,4,1978
1d418dbd-6685-415a-9532-be1b9bcefcd2,136122.26,Houston,772.0,Townhouse,2026-02-07,2,1,1958
98cff156-cc1d-4536-9e4c-43cb7361cccb,711048.33,Philadelphia,4114.0,Villa,2025-10-15,5,1,1974
f5f0fb69-61e9-4dfa-8c9a-35c13ad72744,806545.23,Philadelphia,3407.0,Condo,2025-12-07,3,4,1980
10f0df60-a8f2-4999-b43a-e63893e6ef7f,842912.12,Houston,3577.0,House,2025-06-10,3,2,1989
f2c663e9-5099-4364-94da-0d8dd018983b,842569.83,Houston,4560.0,Condo,2026-03-03,3,2,2002
d32fd25e-1ab1-4277-896d-dc4af7dd10a5,1868329.94,Los Angeles,2651.0,Apartment,2025-05-17,4,2,2006
9b34e192-d6ec-4ee7-8a94-3404ad7edbed,3813397.76,New York,3908.0,Apartment,2025-10-07,5,3,1952
e8cccead-dfad-49db-bf79-a04e1f774b93,630330.0,Philadelphia,2957.0,Apartment,2025-12-20,1,2,2000
ed4c3ca3-3852-4220-81ce-84fe1fcc77b4,887631.47,Chicago,2884.0,Apartment,2026-02-26,5,2,1996
72fc86d2-f847-4885-97aa-2e09f954f66d,2109818.68,Los Angeles,3089.0,Villa,2026-04-09,3,1,2007
4f934a51-20ba-4dbd-9790-3b3d758ba7b0,877282.01,San Antonio,,Villa,2025-11-11,2,2,1970
e43568a6-1c64-4e8a-a8cb-3983ddcca5d1,417983.38,Philadelphia,1986.0,Apartment,2026-04-16,2,4,1977
a12c077f-e2b1-4944-8eec-250769f293cb,309661.3,Phoenix,1250.0,Townhouse,2026-02-25,1,2,1988
76e8c3e9-99f5-4ff4-a734-ff0141753e8c,184907.74,Philadelphia,937.0,House,2025-07-08,2,2,1965
c097e04f-4d8a-4f68-b932-0393f5199ed5,395241.31,Houston,2072.0,House,2025-07-27,2,4,1997
a7a3173e-94e7-4f84-9f68-6dc268bf0349,700299.39,Philadelphia,2972.0,Villa,2025-07-13,5,1,2021
2d53277f-4ac0-43b6-a585-d2680d350cf1,,San Antonio,,Apartment,2026-04-24,2,4,2006
131bc045-c727-4131-9423-52b85b5ea79c,528281.39,San Diego,,Apartment,2026-03-19,2,2,1962
e98c4c55-6e2e-4c12-8de0-d1bd7852fc92,416644.03,Chicago,1450.0,House,2026-01-22,2,2,1983
c51f8d5c-958a-48f4-b75e-708b7545caaa,1639417.17,San Diego,2566.0,Apartment,2025-09-28,3,3,2015
5cb0aea4-54ed-4cd4-b76b-987cf3008f6f,590865.43,Houston,,House,2025-05-18,4,4,1956
8dc44d24-3bcc-467a-9435-986ee1c9dbb3,306271.23,Phoenix,1272.0,Villa,2025-07-09,5,4,2020
78d691c2-6a80-4c01-9149-17c66dcda558,864004.7,San Antonio,4159.0,House,2025-10-09,1,2,1988
36256ffd-04ae-4cbb-bbe6-2aeb0cf1cc7b,310141.62,San Antonio,1974.0,Townhouse,2025-08-29,2,1,1966
9d420d56-ebac-46f8-a374-c2deb24ec6c6,790682.52,Los Angeles,882.0,Condo,2025-08-04,3,3,1955
d0d4c22f-c962-4af6-bdf6-08085e225d22,314045.95,Chicago,946.0,Condo,2025-08-10,1,2,1996
54ef8838-08a1-49a9-b2c4-6cdf8f9b13d0,577834.11,Philadelphia,2725.0,House,2026-01-18,4,3,2017
d99f8b5d-3ca1-46b4-8c2d-cfc2940c4008,3141358.16,New York,2854.0,Condo,2025-07-28,1,4,1960
87bed2d8-cc88-40f1-b178-8b0580abfebc,718105.77,San Antonio,4057.0,Condo,2025-11-05,4,1,2008
04b0d0e8-b27a-40e7-b3a3-bcd382d74937,156344.68,San Antonio,918.0,Townhouse,2026-03-15,3,2,2009
60fcca27-cf17-4e7b-8a99-6e48974fc8c7,893872.67,Dallas,3681.0,Apartment,2025-12-29,4,3,2016
a90f9e38-fdd8-4764-b0db-b0e5c7edc9e5,1713601.82,Los Angeles,2614.0,Apartment,2025-08-29,5,1,1983
80d7eb91-eb95-4e3f-87f7-c8d7b11bb2ec,1378055.96,New York,,Condo,2025-05-07,1,3,1959
5535f054-dd7a-49f9-bd60-4696c2ed2ed9,2682148.77,Los Angeles,3825.0,Apartment,2025-12-29,2,2,2006
5b5fdf8d-80a1-45bf-a86b-9f7105e6ffca,840246.02,Houston,4517.0,House,2026-03-10,3,1,1985
6f3ac2fb-fe3a-431a-be66-09765a11f0a9,2990155.38,San Jose,3204.0,Apartment,2025-09-13,5,2,2010
b1eefacb-fd6b-4d9d-99b4-e815220ee555,3550340.53,San Jose,4707.0,Villa,2025-11-08,5,3,2005
e6f50370-5dfb-488b-a669-69087efffd1c,1937542.69,San Jose,1938.0,Apartment,2025-06-25,2,2,1970
e7a0ec56-bb4f-4d59-865d-ad00c1bce73e,1931878.4,San Diego,3024.0,Townhouse,2025-10-15,2,3,1988
89140a29-31e4-4d13-b1fd-b150ede319a2,970561.9,Philadelphia,4315.0,Condo,2025-05-27,1,1,1995
e7e4d55c-64ff-4f8b-b343-e4d0e9235b2d,819235.19,San Jose,1111.0,Villa,2026-02-12,3,1,1960
b457b847-c362-4850-a027-2496464184ce,2174782.57,San Diego,4156.0,Condo,2026-04-21,5,4,1998
01f5438d-f491-4125-ab60-6beb81297599,286407.76,Philadelphia,1781.0,House,2025-11-02,1,4,2006
77d08bf1-9a8c-46d8-9ea0-41713260ad02,4069150.38,New York,3162.0,Townhouse,2026-03-31,2,4,1954
f83fe8fb-debb-4460-a38c-0a6158942a06,,Phoenix,3915.0,Townhouse,2026-03-16,1,2,1962
bd064e87-c9bd-45d2-bcce-c2a167006e5c,1725225.87,San Diego,3051.0,Condo,2025-08-02,4,1,1967
074d9307-3808-415d-96a5-c5042ed801dd,4037280.36,New York,3648.0,Townhouse,2025-06-07,4,4,2021
1d83c2ae-5019-4d90-9877-5b2ee6da1ae1,937554.7,Dallas,4750.0,Villa,2026-03-07,2,3,1961
0d611691-304b-443d-bd97-2fae633af710,1054363.35,Philadelphia,4476.0,Townhouse,2026-02-10,1,1,1986
64b713e1-4f74-42c2-8c5d-5fdc485bfbea,,Philadelphia,1335.0,House,2025-09-30,2,1,1969
93ab53ba-c06f-4895-8ef3-f615aee9953b,2162785.13,San Diego,4147.0,Townhouse,2025-11-07,5,3,1950
b165d041-5c4a-4700-88a3-fdcce2f0e8fb,965108.39,Houston,4574.0,Villa,2026-04-21,3,2,1959
b13b95d3-3697-4d1e-8d09-c60e67f8976f,1161796.01,Chicago,3624.0,Townhouse,2025-08-18,2,4,2023
7478eaa6-cb1b-436f-a233-864adf66754d,2816972.85,New York,2115.0,Apartment,2026-02-28,2,4,2002
fa732227-5b87-4329-876a-1dfd488c3897,1505428.55,San Diego,2940.0,Condo,2026-01-12,3,4,1964
8193c977-f97b-4594-8874-6b4d9a7f970d,570572.1,San Antonio,3015.0,House,2026-03-05,5,2,1972
8bc20c30-3faa-40db-8e54-abb3f73ef8f5,2693918.25,San Diego,4406.0,Condo,2025-10-17,4,2,1991
bc8362f5-36af-4cae-934d-f780f1910d46,1094570.16,San Jose,1301.0,Apartment,2025-09-28,2,2,1964
f7daa3ce-0a95-437f-a08c-95042d8df0c2,786394.18,Philadelphia,4003.0,House,2025-05-02,1,3,2022
34843bc6-8d38-4374-b374-becd685159bd,968424.82,Dallas,,Apartment,2025-06-01,4,4,1952
d15121ba-0459-4f4b-b071-2c5422c36ad1,567128.79,Houston,3215.0,Apartment,2025-08-13,1,3,1960
d111b80e-8b36-4e75-a40c-e6a120e493b8,3220096.6,San Jose,3711.0,Townhouse,2026-04-17,1,2,1994
3595bd04-edbb-4223-bf9a-6df8b60cdd7a,741564.2,San Antonio,3934.0,Villa,2025-08-13,4,1,1950
8ac182d8-6dae-4490-a682-583584244f0c,6411466.31,New York,4874.0,Townhouse,2025-10-27,1,4,2001
c53e06dc-1248-477f-abff-8ded8c042f8d,1551254.26,Los Angeles,2176.0,Townhouse,2025-10-25,5,1,1976
28a549d0-d583-4aac-ad2a-4b2d5bc5a5ad,148358.66,Phoenix,518.0,Apartment,2025-06-18,1,4,1979
5115c2e4-e7a5-4fad-92c4-67d02182b871,695324.07,Dallas,2805.0,Townhouse,2026-01-02,5,2,1979
6f094b78-1154-435f-a0c3-846a7aecc94f,435908.88,Phoenix,1729.0,Townhouse,2026-02-25,1,3,1966
3838a463-796e-43a9-9ce0-c7cd036c99e2,,San Antonio,2271.0,Apartment,2025-06-30,4,1,2019
73bf12f4-7e22-46e3-b2d0-15e1d77f1692,171819.77,Houston,763.0,Condo,2025-08-26,2,4,1983
f2cbdc8d-c40c-4563-99b2-551592c72a60,439865.26,Dallas,1734.0,Villa,2025-12-19,5,4,1988
7a1183b0-2e1c-4054-b78b-b6195d94a726,5198083.38,New York,4730.0,Townhouse,2025-12-09,1,1,2019
38a22b88-b726-4f7b-8977-2a7e2501e3bd,677696.25,Phoenix,2446.0,House,2025-08-14,1,2,1998
ea1345f3-791b-47ef-94c8-8e2491abea01,,San Diego,3605.0,Condo,2025-11-08,2,3,1965
8aaebd85-2e00-4d31-b824-661bea86f135,,Houston,3609.0,Villa,2025-05-04,2,4,1999
e9417a38-fa66-47b7-bd3e-7b1619a698d9,853198.95,Phoenix,3316.0,Townhouse,2025-12-28,1,3,1982
1d2904cc-ace2-4d06-b797-0e52b28beb19,6284908.83,New York,4744.0,Townhouse,2026-02-07,3,4,2022
86809f89-0a78-4004-9b5a-9836a6f222bd,262762.92,Chicago,1042.0,Apartment,2026-04-18,5,3,1994
22cb1c2c-f705-4667-97fe-30d5ec9d6766,250982.52,Philadelphia,1430.0,Condo,2025-06-24,2,2,1957
c1862091-8444-4cba-9ad0-491e6d306371,876546.9,San Antonio,4403.0,Condo,2025-12-03,3,1,2002
dbf2fd90-412a-4a31-ac29-c67b824cb560,2351345.28,San Diego,4446.0,Townhouse,2026-02-17,5,2,1982
95d3689e-8135-4c60-b9e2-ef5bde013907,2802455.91,Los Angeles,2995.0,Condo,2025-06-16,4,3,1984
cd12be58-1e0b-4231-8a24-28216b34ebd0,685362.77,Dallas,2693.0,Apartment,2025-10-22,4,3,1956
3e5b72af-5388-4902-8738-194f2a31e704,691346.39,New York,699.0,Apartment,2025-05-07,2,2,1956
8354e0de-d0d4-4352-9e3b-25e75001f260,148458.05,Chicago,586.0,Condo,2026-01-03,5,3,2011
11f2c217-fe4b-4ce7-b6fd-4de6d9a2433f,501557.23,Philadelphia,,Apartment,2026-02-28,1,4,1968
89503335-ff0e-46f2-bfee-c43a8975281b,3951323.0,San Jose,4738.0,Condo,2026-03-24,5,3,2005
f1980950-3a72-44fb-8ff4-623e5d254a02,3691170.8,San Jose,4855.0,Condo,2025-06-07,2,3,1986
4526b15d-9da2-43ba-a14c-8cc5a4248936,655809.14,Philadelphia,3039.0,Townhouse,2025-08-30,5,3,2012
ae6b6c3f-baeb-42ad-82a3-504581794047,486538.65,San Antonio,2310.0,Apartment,2025-09-18,1,3,2020
9b215838-b5ec-4b59-804d-d9eaf3495b38,1455683.62,San Diego,2147.0,Condo,2026-02-23,2,2,2022
2b964531-e546-4112-b988-16663a7f9fa8,1803169.82,San Diego,2765.0,Villa,2025-08-08,5,3,1957
57815d14-0e7c-4ace-a04e-0de5becd78ad,770460.27,San Diego,1355.0,House,2026-01-20,3,2,1952
e9090195-e8ea-4b79-8cd3-e815864b6a1b,495248.9,San Diego,844.0,Townhouse,2026-04-11,5,1,1973
794f519b-1612-4bed-9a0a-0ce6875913e7,779688.92,Phoenix,3515.0,Apartment,2025-11-17,4,4,1986
f92ba42a-a7cd-43cc-ba5b-12bfa9fad4b1,866382.58,Dallas,3876.0,House,2025-06-28,1,1,2023
0414e9b2-b660-470f-9127-298634835f9f,,Phoenix,2372.0,Condo,2025-07-04,5,4,1995
65ff7cff-e5a1-4aa6-a8ec-ac0279f1b19e,1056170.32,Phoenix,3656.0,House,2026-03-21,4,3,1972
d9271764-8a06-4083-85b6-1dfcabd8278b,850848.46,Philadelphia,3612.0,Villa,2025-11-04,1,1,1984
fe82d146-60c9-4339-84b4-8cb36175125a,406356.97,Houston,2249.0,Townhouse,2025-10-22,5,1,1970
d43708b3-c1f0-4381-b626-629345c0b807,1282807.86,Chicago,3832.0,House,2025-10-22,5,2,1968
1da047e0-4a11-4beb-b8c5-bc5eff0537da,,San Jose,2218.0,Condo,2025-10-06,1,1,1957
ddf2e313-9987-4c48-a06a-a93347df54d7,2816962.67,San Jose,3062.0,Condo,2025-09-07,5,2,1999
64bc9e8d-ff28-491b-9180-ec90ebf3ed56,5515839.22,New York,4179.0,Apartment,2025-05-17,4,1,1990
668a4067-72f7-4c6a-8cea-c07fda578881,415923.04,Chicago,1594.0,Villa,2026-01-06,4,1,1991
4e3cccf6-411e-4a5e-951b-2187b50cdb1f,4392011.28,New York,3622.0,Condo,2025-06-12,3,1,1986
71d5ff6e-9d10-432e-9c02-5411b0a53b0f,1403188.44,San Jose,1780.0,House,2026-03-27,3,4,2019
eb631bb3-5486-4f66-8e47-576ce1fb5588,266212.68,Philadelphia,1165.0,Condo,2025-07-10,2,3,2014
7f9ba7d6-e142-46b6-93af-b36a106bbfd1,311015.36,San Antonio,1583.0,House,2025-08-14,5,2,2003
810b3055-bac4-47b3-8a64-5248dca2bb3f,640016.7,San Diego,,Apartment,2026-01-05,2,4,1964
5f8c1be2-ce18-416f-86ce-2a3522a110bc,3054990.36,Los Angeles,4394.0,Apartment,2025-11-29,5,4,1998
87b597a6-5cbd-43df-a444-49a2cb140f7c,,New York,2680.0,Villa,2026-01-15,1,2,1961
28162883-3d45-4638-8b96-371a337cf2e0,414534.09,San Jose,558.0,Villa,2026-01-19,4,4,2022
82daa1f1-550e-4fd6-93e5-353672b5b872,564598.83,Los Angeles,595.0,Villa,2025-12-08,2,2,2022
e84d4932-11f8-42e7-839f-f8eef8b05aae,278573.52,Houston,1190.0,Townhouse,2025-07-14,3,1,1979
0f7e2da1-c5f4-418f-95e6-1dd3a46a74ec,567321.78,Houston,2438.0,House,2026-02-06,4,3,1987
fa74d9f6-4221-4d29-a73d-13ae2580288e,4216189.38,New York,3901.0,Townhouse,2026-03-25,1,4,2019
9f2d8ec2-ab4b-4f4f-99cb-aca2ca48679e,4456061.86,New York,4595.0,House,2025-06-08,3,2,2018
ea785d93-1f5d-4215-ac55-32dc4890c2da,2135429.44,San Jose,2659.0,Condo,2025-08-07,3,2,1981
3621a457-6bb5-4d96-ae8a-0da3ef3868d6,4968577.44,New York,3864.0,Apartment,2025-09-13,2,2,2005
c007ff65-6458-462d-a6fe-0f2efdf4cbc1,2202611.5,Los Angeles,2363.0,Townhouse,2025-12-03,1,1,2019
173d3792-8203-4f9a-9f6d-eb45097865a6,1966632.48,San Diego,2748.0,Villa,2025-05-21,3,1,2019
efb34332-3d92-4c46-97b8-23f47c7aebc4,538484.03,Dallas,2880.0,House,2025-10-15,1,1,2014
585844c3-c390-4281-8a1e-16131afb6767,4951970.18,New York,3616.0,House,2026-03-01,2,3,2007
439f0c53-8bcb-41cf-9921-e21d76fb5317,3334842.79,New York,2334.0,Apartment,2026-04-02,3,4,1960
aaa893d8-fa16-431e-8902-ff302a9205c5,,Houston,,Townhouse,2025-07-31,5,4,1970
cc101db0-61b0-42c0-bbd2-d869e848c9d4,406032.26,San Diego,582.0,Townhouse,2026-02-17,4,4,1971
47068db0-2b5b-4470-8f3b-91d6645b79cf,782204.69,Houston,4248.0,Townhouse,2025-06-23,2,2,1980
ec714171-2cd8-4348-9c2f-91dcd36d3256,726862.93,Phoenix,2848.0,Townhouse,2026-02-23,1,1,2004
f04114c2-efdc-47f6-ac2f-c7f290bab2ff,,San Antonio,,Villa,2025-07-16,3,3,1992
662a080a-235c-4367-9698-da903e44c46c,237677.22,Houston,1362.0,Townhouse,2025-12-17,3,3,1961
93e27fcc-b330-4a6a-b0f3-40e37a6aab4e,938971.44,San Diego,1337.0,Villa,2026-01-12,3,3,1956
e081f8ad-4816-4f2e-9102-6de4e9940337,341622.81,Philadelphia,1713.0,Apartment,2025-12-11,3,3,1979
fd51b6f4-0a97-42bc-aa9e-38b89383bba9,1790172.06,San Diego,3017.0,Condo,2026-01-29,4,3,2011
1cd4ad84-1139-439a-aa2e-24ac60240c74,380681.71,Chicago,1302.0,House,2025-09-20,4,3,1958
24aa6309-7147-4e1e-92fa-30447d3ff302,858513.74,Los Angeles,984.0,Apartment,2025-06-24,3,1,1972
5f3dab79-9240-4839-8928-3607c42ac0fb,337130.47,Philadelphia,1860.0,Villa,2025-10-13,5,4,1958
637843aa-f8bc-4288-9e21-b0815780c89f,960187.8,San Diego,1403.0,Apartment,2026-01-02,1,1,2013
6e64e48f-6b85-491a-9d33-1e76462b0773,3564552.5,Los Angeles,4785.0,Apartment,2025-10-14,2,4,1977
4817043a-3911-4e52-8c0b-d416a71fa810,,San Diego,1456.0,House,2025-06-08,3,3,1993
0f7403c9-152c-447d-aa62-01bc3ff8e641,2079499.93,San Jose,1935.0,House,2026-03-23,3,2,1953
605bab5a-e9ab-4f44-aa4b-d59475497d48,717747.95,San Antonio,4314.0,Townhouse,2026-03-30,2,1,1970
f3f9d84a-4b46-4651-9053-6d75d1947372,1034183.35,Los Angeles,1227.0,Apartment,2026-02-12,2,4,2022
8cd13538-62a9-4e53-b1d3-35737e2e7ac0,1524615.75,San Jose,1667.0,Townhouse,2025-10-03,5,1,2010
5b0a9759-da22-4904-b052-5ae7e52c5a02,258424.63,Dallas,1007.0,Villa,2025-08-13,5,1,1955
06df427c-db38-40e5-a178-675364084262,682747.12,Houston,4139.0,House,2026-04-20,5,4,1985
101c594e-dea4-4c8e-b9cb-21618d85c366,1763344.57,New York,1266.0,Condo,2025-11-03,2,4,1989
601c8581-a27d-4b24-a5c6-767236f38822,756011.76,San Diego,1175.0,Townhouse,2026-04-26,3,2,1990
f47b05f9-3781-41e8-bb15-e2151f7c827f,2879829.78,San Diego,4486.0,Villa,2025-12-31,1,2,1966
fe0e657c-c5d2-487b-ae4a-ff8bd330ec4a,362013.7,Chicago,1220.0,Villa,2025-12-14,4,4,1952
a50d8c96-53b2-41ba-a553-96152eb5bd0d,1227592.56,Phoenix,4305.0,Villa,2025-06-13,1,3,1988
2b7d3f42-8b06-4aa2-a957-aae7d86a0bbd,,Phoenix,2976.0,Villa,2025-05-31,3,2,1968
7aae9503-dbe9-467c-83f7-c9b95cd9a40f,1007437.93,Chicago,3692.0,Townhouse,2026-04-19,2,4,1962
a95c0ab3-4c40-41c7-a698-cc1c7a942a98,476360.55,Dallas,2169.0,Townhouse,2025-05-24,3,1,1987
2be63a41-de60-4a73-9ecb-767eaad826b4,158500.25,Houston,845.0,Villa,2026-03-24,2,1,1975
80e38cb0-2547-4c44-8be3-5d975d054136,3995438.47,New York,4055.0,Condo,2025-10-30,3,3,1969
35ccb113-80cc-4a57-823b-16f9ee91e258,172031.06,Dallas,945.0,Townhouse,2025-12-12,4,4,1957
f6f4c303-055b-4aa7-92cf-195b91abd1ad,275295.81,San Antonio,,Apartment,2025-05-08,5,1,2005
add62a1c-9178-4869-8b95-0a28cf94eb0a,2018401.64,Los Angeles,2395.0,Townhouse,2026-04-23,1,3,1960
335cbd63-6e27-4ea0-9940-2dc6635f89c7,201861.78,Philadelphia,1198.0,Apartment,2025-06-10,5,1,1990
2353e366-29d7-422c-b710-d96458cfd91f,236811.57,Phoenix,976.0,House,2025-09-13,5,1,2006
c322c96b-eae4-4018-b2de-555c220df217,317830.28,San Diego,524.0,Apartment,2025-06-02,4,4,1956
af21f627-30d7-4531-a929-3c0824547ebd,1236547.12,San Diego,1980.0,Apartment,2026-01-03,5,1,1971
2b7d3f42-8b06-4aa2-a957-aae7d86a0bbd,,Phoenix,2976.0,Villa,2025-05-31,3,2,1968
092cb8ad-ef8c-463c-9395-d2d353750a4c,346273.09,San Diego,694.0,House,2026-02-08,2,2,1968
80c0bc10-7dbb-4393-bc41-ab89efe7e153,657639.57,Houston,3013.0,Apartment,2026-02-27,4,3,1982
e5d173e8-b2b4-43b3-9be2-058c2fa75f9c,231390.46,Philadelphia,1195.0,House,2025-10-21,1,2,2011
05573541-e2b4-4106-a2c7-06f7247fc267,1659613.88,New York,1266.0,Townhouse,2025-09-18,5,1,1983
914f8ced-cef7-46a8-b0e3-68df677d9718,3646112.32,San Jose,4967.0,House,2025-11-17,3,4,2004
e43c03e2-5ed6-4c17-90c2-96673adf690f,721038.77,San Jose,711.0,Villa,2025-07-31,3,3,1980
89991ef6-bc4b-450d-b4b0-9e4e5a716e22,2588892.59,Los Angeles,3321.0,Townhouse,2025-09-29,2,4,1982
36929974-93fe-4c6f-a818-2bcb5692faef,1611657.35,San Diego,2814.0,Condo,2026-02-17,1,2,2013
33910088-ba4a-47b3-a710-310d657f324a,1496559.79,Los Angeles,1900.0,Villa,2025-11-20,2,1,1993
cba9f025-788d-4588-bdb2-15ed1421ce4e,896956.86,San Diego,1658.0,Condo,2025-10-23,3,1,1961
39541903-e2d8-47d4-b3f0-2649f9820707,2169529.63,San Diego,3978.0,Apartment,2026-03-27,1,4,1967
fcf2c559-b3c5-4eee-8019-299593fedbe1,,San Jose,3068.0,House,2025-09-06,4,4,1966
cfd4243a-51d7-4ced-9db4-563d04ecf99d,273059.45,Dallas,1524.0,Townhouse,2025-10-09,1,4,2006
7acdfb7c-1a5a-4c16-92cd-9c63b036cb57,828953.9,Dallas,3424.0,Townhouse,2025-05-19,4,1,1975
4d65e1d4-9527-492f-a20e-6f5e566af385,626929.5,Philadelphia,3340.0,Apartment,2025-12-27,4,1,1980
7c397e7d-0f4e-442e-9064-56f8342a76ab,411003.24,Dallas,1674.0,House,2026-04-13,1,3,1964
2deb7c84-8223-4f30-8adc-50ff165ba403,,Houston,2191.0,House,2026-03-23,2,3,1964
7ee5a203-82ba-4353-9117-d0b2102d469f,211535.53,Chicago,866.0,Condo,2025-10-10,3,2,1986
0b5e3dde-ac30-4e7f-a022-5e3305bd8f86,,Philadelphia,4041.0,Apartment,2026-04-12,1,1,1988
51f0310a-fc23-4353-ac05-eedc0a5cac56,1268048.38,Phoenix,4376.0,Apartment,2025-11-17,3,4,1960
40eef1fb-6079-49e0-a9df-5eee3536a52d,694112.79,Chicago,2800.0,Condo,2025-08-21,1,1,1982
6d8de891-be85-4fab-9ded-671fd7aa71a8,2859696.26,New York,2546.0,Townhouse,2025-07-15,4,2,2001
3e4d906b-2a4a-4430-9db1-84d369fac862,630698.75,Los Angeles,887.0,Townhouse,2026-03-05,5,3,1955
40eef1fb-6079-49e0-a9df-5eee3536a52d,694112.79,Chicago,2800.0,Condo,2025-08-21,1,1,1982
502466bd-0d51-4464-8b65-66563488b49e,2841009.59,San Diego,4321.0,Villa,2026-01-27,4,2,1992
386e5cd5-32fe-4124-a664-d5f64df1c153,422387.98,Dallas,2109.0,Apartment,2025-05-02,1,1,1984
641550cb-691b-445c-b664-751fc0eaced6,1199926.24,Chicago,3561.0,Villa,2025-11-10,5,1,1961
797be60a-3d72-4256-b0e0-78d47c935920,752490.14,San Jose,763.0,Apartment,2025-09-16,1,1,1966
b6a259c6-8435-469a-8175-26f921b8bcf0,712311.37,Houston,3136.0,Villa,2026-03-02,3,2,1981
8cb50adb-070f-4be3-bdfa-36d65b170e09,2147345.21,San Jose,2756.0,Villa,2025-10-25,5,1,1957
804b7fbe-5a95-422e-949f-1819639f3e8d,772086.15,Los Angeles,958.0,House,2026-02-02,2,4,1968
a892afaf-8676-4341-b710-599f784c3c06,4197496.03,San Jose,3965.0,Apartment,2025-12-25,4,4,1964
f9d7186f-5e55-4abc-9c94-1132f3a1b166,582676.37,Chicago,1651.0,Townhouse,2025-05-16,3,1,1999
04c2b686-3880-4cb2-8f23-041af2f8aedd,574988.52,Phoenix,2509.0,House,2026-02-26,1,3,1964
96caf981-6a6a-4ad6-92b0-7b9c9a7affb3,4446536.62,San Jose,4721.0,Condo,2026-03-11,1,1,1951
9b68c948-ab61-465d-af68-2d5de385c9fe,2242758.25,San Jose,2234.0,House,2025-12-01,3,1,2000
d925b708-9aad-463d-b3f9-e9876ab4c0f4,1273940.55,Chicago,,Villa,2025-11-03,3,4,2006
2126ba2e-e2a7-4b4b-8edb-03a2fba96dda,880622.66,San Diego,1300.0,Villa,2026-02-22,1,1,2015
e4e152b5-595d-4df6-b828-7fe974d6cf49,727923.18,San Antonio,3487.0,Villa,2025-12-26,1,4,1951
6f641bf8-5419-4994-98d8-c65cb5d1c861,2373895.82,San Diego,4000.0,House,2026-04-19,5,1,1972
29f497f5-17dd-40c9-8a27-40163d1e7e6b,180130.3,Chicago,712.0,Townhouse,2025-05-03,1,3,2013
7138d052-c425-4435-972e-2e273ea4c26d,712295.72,San Antonio,4319.0,Villa,2025-06-29,2,1,1965
b2f7956f-10ac-405b-a591-1fcd03560172,901349.64,Philadelphia,3960.0,House,2025-08-01,5,2,2022
91426cdb-898a-4528-8fa4-ea7f32805381,,Los Angeles,3770.0,Villa,2026-01-05,1,4,2014
a3ec31ba-79ec-47ca-8c89-74c64ea2a8d4,236998.44,Houston,1117.0,Townhouse,2025-10-01,5,2,1995
97e33636-a541-48d8-a67a-1d60e55961e4,2444984.02,San Jose,2350.0,Apartment,2026-02-14,1,3,2006
e3c276a2-5ad9-4465-a664-ec03fcd51063,4034836.89,New York,3166.0,Apartment,2025-09-06,2,2,2002
0bd9ac84-0ebd-4b24-824d-3fcca11c7619,654558.46,Houston,3399.0,Villa,2025-11-22,1,2,1951
5a02644d-9b5b-447d-9b70-f51a3503947f,2247943.72,Los Angeles,2935.0,House,2025-10-30,4,1,1954
23e8b72c-f17b-4562-b35b-c9e12f9f848e,874819.1,San Antonio,4842.0,Villa,2025-05-11,5,4,1957
acb7dd69-7a9e-4941-8f56-4fe149d73c72,705415.02,Houston,3109.0,Townhouse,2026-03-02,3,3,1962
ace960dd-2793-42f4-83e6-9b9d1678f70f,3677379.16,San Jose,4066.0,Villa,2026-02-10,4,1,1967
8e3b8a99-ef1c-4ce1-a858-0acb496718d9,369159.56,San Antonio,1781.0,Apartment,2025-07-09,5,2,2006
08c6e64e-5d2c-4a2b-a8c5-d15d8761eb8f,916299.84,Los Angeles,1178.0,House,2026-02-10,2,1,2009
833712a3-d830-453e-aee8-c35df2b13384,821177.14,Philadelphia,4473.0,Condo,2025-07-10,2,4,2000
ed1597c9-20b3-463b-a182-c39911122a99,488224.48,Philadelphia,2920.0,House,2025-06-20,5,2,1982
87bebed1-2536-4fc2-9b97-99c56e0736ac,3873261.52,San Jose,3725.0,Villa,2026-04-20,1,3,1983
be4f590d-5a36-471a-ba4c-3b783f694e87,193166.45,Chicago,652.0,Condo,2026-04-28,5,4,1992
49808552-11f6-467b-a878-9269eb8fcafd,4043425.76,New York,4076.0,Apartment,2025-12-31,5,1,1963
37ead3bb-6d95-49c6-8d07-27c8f045ba48,481925.9,Dallas,,Apartment,2025-05-03,3,1,1997
8e2117cb-3913-40bd-bfce-d24d72f0a057,3280494.66,San Jose,3886.0,Condo,2026-02-17,4,4,1977
faf55587-322f-42e4-bd27-70e86a382c57,1327945.29,Chicago,4955.0,Townhouse,2025-12-22,5,4,1974
dba7dcea-75e3-4b73-931c-10f89abebc5c,3931685.12,New York,2936.0,Villa,2025-10-17,2,4,1971
bb0373c2-6b7f-4349-a13b-643131fb5180,750358.35,Chicago,2293.0,Condo,2025-10-05,5,4,1969
75f190a4-f64c-4de7-9b41-f2efaefd47d8,4068657.03,San Jose,3963.0,Townhouse,2025-10-10,1,3,1994
842cf370-2bc7-4d2a-a97b-89b4e1551eaf,204296.1,Chicago,614.0,House,2025-10-10,3,3,1979
9f1dbfba-9078-41d5-908d-98c941a71cb0,1091879.56,Los Angeles,1487.0,House,2026-02-20,4,2,1963
88dbf362-be5f-4a41-93a7-184aac33eeb3,1915487.78,San Diego,,Townhouse,2026-01-29,3,1,1959
1316b8e9-2026-427a-95af-08890dee5f28,2235621.18,San Diego,3167.0,Townhouse,2025-11-12,3,4,1958
5ba2bd79-631f-48bf-83c9-6171f66d671a,,San Diego,2943.0,House,2025-10-15,4,2,2001
3cc74b7e-dffe-40ed-a673-a42d09f2582d,241595.02,Dallas,1345.0,Townhouse,2025-09-11,1,3,1984
6f603249-faa9-4b59-9f04-eed5b8a64cd8,3281871.45,Los Angeles,4616.0,Condo,2025-10-25,5,4,1963
68a0a683-0ca0-4d37-935d-e3779ac1192a,1139171.06,Philadelphia,4839.0,Apartment,2026-04-27,5,2,1983
42f11627-22cf-407a-bc73-76b13acb9019,841118.79,Houston,3521.0,Apartment,2026-04-20,1,2,1967
64787c11-169c-4bb9-8215-0622c0292601,799735.16,Philadelphia,4927.0,Apartment,2025-07-25,2,3,1953
ded47af2-6d5b-46bc-a615-1911a6b7d11c,543279.28,San Antonio,2688.0,Apartment,2026-01-26,4,1,2009
dc522c6c-13bc-465a-b77c-8dbe0a492442,917671.92,San Antonio,4254.0,Apartment,2026-01-22,4,1,1980
adb4011b-dcd4-4f22-acc2-f17530976e7a,1702825.43,Los Angeles,2511.0,Townhouse,2025-10-02,4,4,1959
df557d7f-0755-4a3f-b454-bd68fb181021,398663.26,San Antonio,2708.0,House,2025-08-18,1,2,1963
b69c1ab8-265f-4356-baba-1096772b563e,295957.3,Phoenix,999.0,House,2026-01-25,5,3,2008
faf7a116-2861-4b90-b7d6-a7ef1794a50d,,Houston,3289.0,Apartment,2025-05-02,2,1,1961
9ea9d274-22e6-4c17-89df-3734f784a6dc,3974576.51,Los Angeles,4437.0,Townhouse,2025-12-03,1,1,1958
4244d7df-3ab8-4555-92b3-1bdd0bbc1e24,,Chicago,1863.0,Condo,2025-12-24,1,2,2023
a2a1300b-f6d1-4e0f-b06a-744ceec3f9f8,1557398.86,San Diego,2188.0,House,2025-10-01,3,2,2018
4608d5c9-d2a5-4e3d-906a-732b9116d46b,2205833.67,San Jose,2451.0,Condo,2025-05-20,3,1,1998
2f9b958e-2691-471a-bb49-9999f2d740bb,759010.77,San Antonio,3659.0,Condo,2025-05-07,3,4,1959
9acbc80f-cf20-46f7-8b1f-ad805ae39a65,410352.52,San Antonio,2262.0,Condo,2025-12-17,3,1,1978
f928bf34-f918-43ee-bdd3-37d4ee99e010,524159.98,Los Angeles,608.0,Villa,2025-11-02,2,4,1974
0834e8ec-efd1-49d9-925e-1369c3d3ed50,229769.42,Dallas,1297.0,Condo,2026-04-02,3,2,1970
721c1041-8e6e-45a9-9b55-1cc26d45784d,365370.96,San Antonio,2268.0,Townhouse,2026-04-28,1,4,2005
13fa0f41-bf83-46a1-b138-463e074d651e,502798.25,Dallas,2570.0,Apartment,2025-10-25,5,2,1962
aa8285bc-0534-4b65-bf24-92b34c8f9122,951233.01,Chicago,3671.0,Townhouse,2025-10-31,2,3,1965
e6b6ed53-6574-45b4-80d2-fcc0caeaf745,421142.18,San Jose,546.0,Apartment,2025-11-01,2,1,1975
921df94a-0fdb-4d32-bb49-cdab7a79823f,707446.56,Philadelphia,4143.0,Apartment,2026-02-28,1,4,2013
50d37c2f-c901-4a78-ac8f-60091b1b54d4,452542.42,Dallas,2396.0,Villa,2025-07-06,5,1,2012
d56daba2-266b-4fc9-a132-7a203c0bacb6,299765.33,San Antonio,,Townhouse,2025-11-29,5,1,2019
18245f3d-d92e-4a44-8b21-f13472adac06,315979.26,Dallas,1314.0,House,2025-12-12,4,3,1966
b5eaf0eb-5c62-4fd8-bb1c-8ebb67c40a8e,782329.83,Phoenix,2792.0,House,2025-11-15,1,3,1965
67ac8135-ecc4-4183-b71b-4c9cc83336c0,368131.67,Dallas,,Condo,2025-10-16,4,3,1986
4afff285-86a1-4359-b977-f6e0fe02e98e,1750860.92,New York,1426.0,Apartment,2025-07-12,5,2,2008
3080b1e5-f4ab-4d75-9951-a2828caa86ba,3258597.17,San Diego,4810.0,Apartment,2025-06-29,3,2,2002
94332996-5181-43f4-88d4-4a1fc8052d6d,360206.18,Phoenix,1777.0,Townhouse,2025-07-30,3,2,1998
d03be271-24f6-492e-af77-ea8ba6cc8c2a,486789.34,Chicago,1358.0,Condo,2026-02-13,4,1,2019
e07cf719-6cfb-41bb-ab3d-7dd0dfc13b5c,1946502.18,Los Angeles,2401.0,Villa,2025-10-28,1,3,1956
ceb1a5e5-0c2c-44a7-a279-855d2e322123,2606574.19,San Jose,2898.0,House,2025-05-17,5,1,2021
b4cf7976-b05d-4a68-bec2-5a7aaaae9ca7,607691.94,Dallas,3134.0,Apartment,2025-08-05,4,3,2016
0b8294c7-8a19-435a-8f0b-a9cc10dc75d3,2184561.24,San Diego,3973.0,Villa,2025-11-19,3,2,2015
69326250-7346-4ae6-82b1-d1368c90fb40,241446.77,San Antonio,1184.0,Villa,2025-05-22,5,4,1967
a842047d-e891-4ad1-b4b4-95ca2b77341b,655207.18,San Antonio,3830.0,Villa,2026-02-20,1,1,1989
9c2842a9-4c2f-4152-af5d-c8bedb2e2548,3496315.16,New York,2908.0,Apartment,2025-10-28,2,4,1998
31bb3d75-1ec1-4107-b411-190b30e506ac,510668.3,San Antonio,3406.0,Condo,2025-10-10,5,3,1983
2752eb47-370d-4109-810f-3bcbe2d3c73b,687732.11,Dallas,3676.0,Villa,2025-05-23,1,4,2021
be91c18c-875c-45a6-909f-1204b8a35a31,1560818.33,Los Angeles,2236.0,Townhouse,2026-04-30,5,4,1998
f0c9e969-1b57-4a49-9412-8dd76558bb84,654315.8,San Antonio,3971.0,Condo,2025-10-31,4,2,1999
8daa7be0-7cc4-44fc-a7dc-1629fa035f10,954985.62,Dallas,3907.0,House,2026-01-01,1,3,1950
a5597135-dc75-4161-9257-31a321b94fd2,3140397.51,San Jose,3235.0,Villa,2026-02-15,5,1,2012
dc48b8f2-dae7-445c-b6f2-c59a0788a5a8,234040.05,Dallas,934.0,Apartment,2025-07-15,3,3,1972
202e34cf-a715-4cd9-8ba5-a41e853e4a70,109969.26,Houston,602.0,Villa,2025-06-02,5,2,1995
b9fb7837-0e0f-4c2c-b5d1-d79c08fabffe,559192.46,Phoenix,2411.0,Villa,2025-11-20,5,4,1957
d5e480a0-27ad-428b-af03-6fde935f9f32,293364.46,San Antonio,1952.0,Villa,2025-07-15,1,1,1959
b275fe4b-00c4-4f34-a1c1-e62dffe44f08,689099.8,Chicago,2638.0,Condo,2025-07-18,2,1,1989
a8eed380-2e24-4dfc-bc26-61a7093b4250,448051.61,San Antonio,2699.0,Apartment,2026-02-10,2,2,1991
0d7a920d-8bf2-4c93-859e-9c22299b4156,861221.18,Phoenix,4185.0,House,2026-03-16,2,3,2011
643e5816-dc7f-4394-b766-73f0cd26dd3b,251851.58,Houston,1416.0,Villa,2025-12-22,1,4,1982
3bb7ffb8-bcc8-4b8a-a2ce-c94592dcda7f,698696.3,Los Angeles,988.0,Villa,2025-07-04,5,1,2023
26d071a6-441b-4f23-bd4b-b378585c9687,605606.84,Phoenix,2729.0,Condo,2025-06-19,3,2,1977
65a2cc3d-c984-4b40-a93d-bb27a947d1a4,3194064.06,New York,2786.0,Villa,2026-04-06,3,2,1957
d55440bd-34a3-4cb8-9904-5478f079df2c,700954.44,Chicago,2349.0,House,2025-12-06,5,1,1957
d41a1408-4c58-4980-8a25-1d8d7e38f2e0,373207.82,San Antonio,2315.0,Apartment,2025-11-11,4,1,1960
7d3cdbcc-376d-42d7-9457-694be3985763,278512.46,Dallas,1546.0,Villa,2025-05-23,1,1,1967
c804655c-2f45-4e0f-a6c4-0eae9e3e2647,442115.38,Phoenix,1969.0,Apartment,2025-08-26,4,3,1970
78f05ebe-0fb4-4e7f-b65c-e8d3947f71ea,726874.52,San Antonio,4441.0,Townhouse,2025-12-06,1,2,2000
2ab92b1c-265d-4bb0-88d7-39fd8a9e32bc,446238.97,Chicago,1682.0,Townhouse,2026-02-09,3,2,1991
20263aea-5f99-4725-a9a6-66976fbc3ecd,1143671.35,Dallas,4590.0,Condo,2025-11-21,4,3,1972
74e68093-1f9d-4e91-aac9-eeab848e6035,,New York,3864.0,Apartment,2026-04-14,2,2,1962
521ffab7-5773-473a-b6c3-3ef3425151a1,2794164.31,San Jose,3364.0,House,2026-02-01,3,4,2009
cc9bfe97-2fc6-4922-b1db-00d38f657b81,562695.36,Houston,2935.0,Condo,2026-04-09,3,2,1992
69708dcd-9a34-49fa-9c65-4ed9df53258a,2019140.55,San Diego,3393.0,House,2025-06-02,2,1,1957
71e68a24-f8ff-4998-b2f6-725814616a11,699205.91,Los Angeles,1076.0,Townhouse,2026-02-08,2,3,1997
60ce0fa6-637e-49e7-900b-9c8ef0e42788,897997.99,Phoenix,3069.0,Villa,2025-05-04,4,1,1975
97787651-7141-4e89-9bb8-4dc124efee2a,,San Jose,2224.0,Townhouse,2025-08-23,3,4,2013
ee694566-f77b-485b-adb6-8376d786f0c3,448433.1,Dallas,1784.0,House,2026-03-11,4,3,2007
e3eca88b-55da-4c79-859f-69853b62da5c,5078360.21,New York,3603.0,Townhouse,2025-09-27,3,4,1965
3472f529-c1c5-481f-bf98-81191fed9e76,1037044.99,Chicago,,Villa,2025-08-15,2,4,1963
c6e05a6e-d974-488f-b7a6-4b3af2a9df31,439619.6,Chicago,1602.0,Townhouse,2026-02-17,2,2,1976
ca81e0c7-66fa-4245-88c7-7726fadace31,1429083.25,San Diego,2108.0,Condo,2025-12-03,2,4,1953
a2cd3ba1-e7aa-4890-92b8-ef4a5de351ab,281132.94,Chicago,1096.0,Townhouse,2026-01-31,1,4,1969
dc48b8f2-dae7-445c-b6f2-c59a0788a5a8,234040.05,Dallas,934.0,Apartment,2025-07-15,3,3,1972
f55ea8ee-51b5-49bb-a304-cc56eee46814,851003.99,Phoenix,3770.0,Condo,2025-07-10,4,4,1966
8fcc6b2e-afcd-4a3a-a5f9-0a22c09bd092,175450.97,Chicago,656.0,House,2025-08-14,2,3,1978
400c83b1-efaa-4d9d-a190-4008a9bd4bb8,1386753.89,Chicago,4778.0,House,2025-11-03,2,4,2003
96dfb3e5-9ebc-41db-b33f-a4ff38ed99b2,752181.86,Houston,4561.0,Apartment,2026-03-23,1,3,1975
5853d600-7eeb-4e59-bc9e-f5e728cd55eb,711151.83,San Antonio,4037.0,Condo,2025-12-06,5,1,1965
05fbc8f3-4f51-4928-ad0d-dca4746d58e3,195312.77,Chicago,561.0,Townhouse,2025-08-08,5,3,1983
37c63078-393b-4566-ba76-461acd850559,1193349.17,Chicago,4094.0,Townhouse,2026-04-10,2,2,1984
65550a03-ebdd-4944-8972-534623da1d57,125364.56,Houston,715.0,Apartment,2025-06-15,2,4,2006
8f254673-2826-47a8-a544-0850642de5fd,501748.42,San Antonio,3115.0,Apartment,2026-04-18,1,4,1962
f71b3257-55e5-4209-8f6f-6be4d350bfe1,2671050.58,San Diego,4346.0,Apartment,2026-05-01,3,4,1989
80b95cb5-0e69-4a8e-9480-ba4b3d8a5a86,705688.63,San Antonio,4680.0,Villa,2025-09-07,3,4,1954
98cb6682-49ff-40b4-9465-28af9f6c3523,4772038.79,San Jose,4608.0,Villa,2026-04-30,3,4,1999
06375f94-c938-44b1-a22f-f2109582e0f4,980578.5,Dallas,4845.0,Townhouse,2025-10-15,1,2,1978
5254f65c-caad-4f10-b10d-800f7bcf3ecf,1029356.02,San Jose,1050.0,Condo,2026-04-27,1,1,2018
c2a40541-b261-44fb-b23a-31e0bb088f41,5962155.01,New York,4895.0,Villa,2025-12-07,3,1,1951
bdf43422-4e36-4854-bf23-d09509d0e253,547179.27,San Diego,982.0,Apartment,2026-04-19,3,3,1956
bff63577-f01d-4688-bd1d-31dbaf2eae70,989398.65,San Antonio,4701.0,Condo,2025-09-23,4,4,1998
1830739c-a4d3-4704-8d98-ed17a1a2e7cd,2202792.72,New York,1551.0,Villa,2025-10-29,4,2,1984
682c2e02-1bbd-4bee-8896-e13d4ef60cb8,707008.32,San Antonio,4062.0,Apartment,2026-04-09,2,1,1985
308dabcc-d947-4764-a397-aad1212e56ba,895900.23,San Antonio,4778.0,House,2025-09-17,3,3,1980
847b0da0-2a3a-4b54-915e-a5377add1963,2373260.62,Los Angeles,3119.0,Condo,2026-02-21,4,4,1984
bd480eea-0a28-4bdf-be51-da6d65399eee,2722697.06,New York,2558.0,House,2025-07-13,5,4,2015
cfb20a94-3545-4baa-abb0-f35a063800b6,,Dallas,1649.0,Villa,2025-12-14,2,1,1951
e408b5e1-9356-4570-b0c2-84206690451f,548958.46,San Antonio,2800.0,House,2026-01-25,3,2,1995
b661cf31-c267-46e3-953c-ddd813af76d2,1025327.84,Los Angeles,1228.0,Townhouse,2026-03-23,5,3,1964
6cc28cfb-9c3c-47c3-b52b-e1fa2657a381,223253.21,Chicago,664.0,Apartment,2026-02-16,4,1,2006
2742c2aa-d7d8-491a-9930-88d8bfa74643,123786.72,Philadelphia,750.0,Townhouse,2025-05-10,3,4,1952
ab34fd36-5de0-4981-932e-973916b207be,,Chicago,1526.0,House,2025-07-05,5,2,1989
7d3fa62a-b8e5-4926-95f6-c4ba04cf2550,1347632.6,Chicago,3935.0,House,2025-08-08,4,2,1964
d7d4e855-4955-41b7-aece-c79c2fd4e67e,393441.96,Dallas,1617.0,Townhouse,2026-01-24,2,2,2010
ffe85bce-c058-4953-ab9a-ad45a085d2ab,1830330.0,San Jose,2006.0,Townhouse,2025-11-08,4,4,1996
79900436-aaea-4f9c-b10e-430d4d09f7e6,426719.78,Philadelphia,1939.0,House,2025-09-15,1,3,1961
0c6643c5-823d-4107-8469-aaf129068ddc,525762.88,Houston,2296.0,House,2025-08-20,2,2,2006
221e6374-8d79-48ac-88ef-4f8e60884a54,539720.36,Houston,2759.0,House,2026-04-11,3,1,2022
9ca3b7f4-70ac-4b48-bfbf-67c441f15b64,958500.13,Dallas,3636.0,Apartment,2025-10-30,5,3,1997
18c5ccc5-1dce-437b-9697-7b49f22efe6f,358419.46,Phoenix,1538.0,House,2025-07-26,4,3,2012
753a1a5a-a3be-4143-a065-cb493391090a,3117829.56,Los Angeles,3657.0,Condo,2025-12-18,3,2,1975
178ea838-026c-40b5-9dfd-2bd47ac6d2bc,383781.41,Phoenix,1726.0,Apartment,2025-10-22,5,4,1963
36256ffd-04ae-4cbb-bbe6-2aeb0cf1cc7b,310141.62,San Antonio,1974.0,Townhouse,2025-08-29,2,1,1966
82a0d230-2451-49f3-bd62-d838e1370d05,529396.48,Houston,2305.0,Apartment,2025-06-27,5,4,2021
23159c88-0828-44b4-a28e-e18f6432b430,634476.92,San Diego,917.0,Apartment,2025-05-25,2,1,2012
4657afe3-9960-4fc9-a3b2-2c128ff46eb9,,Los Angeles,4288.0,Villa,2025-08-28,5,3,2008
05e30448-e747-437c-8fb3-b6c925320018,2839025.29,San Jose,2676.0,Townhouse,2025-07-27,4,3,2014
776bec7c-74f4-4541-a443-0173ef006aba,3436550.56,New York,2465.0,Condo,2026-04-06,1,4,1997
d30f011c-76e7-4320-8e8b-6c19d7fbf32c,4554181.3,San Jose,4676.0,House,2026-04-30,5,1,1999
5e17dcf9-9175-4988-94b0-b86ad67c629c,648858.33,Philadelphia,3854.0,Villa,2026-04-09,1,3,2016
87bebed1-2536-4fc2-9b97-99c56e0736ac,3873261.52,San Jose,3725.0,Villa,2026-04-20,1,3,1983
95b1a9ce-7236-42c4-893e-af484101a465,1050483.07,Philadelphia,4536.0,Villa,2026-03-07,5,2,1996
d4327144-8919-450b-b1c9-202466982ee4,126162.31,Houston,698.0,Townhouse,2026-01-17,4,4,1988
84e476e9-23f6-472f-9c27-1b3541f63b16,652128.01,Houston,3601.0,Condo,2025-05-17,4,1,1976
49498371-4715-48d5-869e-45c5942e9d32,3900940.79,San Jose,4956.0,Apartment,2026-03-19,3,2,2012
505dd4b6-45bc-449a-968b-9d0b3c9ff446,3139602.66,Los Angeles,3373.0,Villa,2025-08-07,3,2,1963
526e9183-1222-4f4f-a55e-132d7b83c64d,723807.2,Chicago,2688.0,Condo,2026-03-09,5,3,1956
6f7e3436-5976-45a7-ab24-21b53d0fe111,1213377.87,Chicago,3463.0,House,2025-07-15,1,3,1964
e061f440-6d72-4f6e-848c-1275b34cc290,867384.17,Phoenix,4249.0,Apartment,2026-04-13,2,3,2020
e7873bcc-80aa-4617-9e1b-cd46d4131c63,2960138.27,San Diego,4435.0,Villa,2025-12-08,2,1,1956
9f1dbfba-9078-41d5-908d-98c941a71cb0,1091879.56,Los Angeles,1487.0,House,2026-02-20,4,2,1963
48b81257-2ac4-4335-8022-a3e31b21996c,1306944.08,Los Angeles,1497.0,Apartment,2026-01-01,5,4,1978
283902bd-18b8-4315-99aa-f7d3320478f8,177652.25,Phoenix,657.0,Townhouse,2025-12-27,1,2,2022
84f7b475-9855-427a-9a98-31c509c0df52,966345.96,Chicago,3825.0,Townhouse,2025-06-03,2,1,2018
1da52cac-8788-4cde-87b9-6f1257fd87fc,846931.91,Chicago,2880.0,Townhouse,2025-07-31,3,1,1958
ba21f094-dc5b-49bd-aa6a-0419a889a754,594975.35,Dallas,2977.0,Apartment,2025-11-05,3,2,2007
368a01fe-1697-439d-8165-156979938730,2578967.0,San Jose,3438.0,Condo,2025-06-29,5,2,2015
a0dd5113-a64e-40a2-b4e9-6cd3f51b637f,438088.92,Phoenix,1468.0,House,2026-04-04,3,3,1958
c85a2ad7-fc0b-48aa-b8a6-7aee75269712,418506.0,Philadelphia,1784.0,House,2025-11-28,3,1,1969
527ff1a4-84a5-465e-b2c2-df154f57256c,212116.61,Chicago,612.0,House,2025-08-22,2,4,1999
fd961c60-a8dd-4f64-a165-0560a2c22830,1107273.87,Chicago,3209.0,Townhouse,2026-04-20,1,3,2001
9362d688-457b-495b-986b-1be3c900982b,166974.65,Houston,873.0,Villa,2026-02-28,5,1,2007
8fb7726c-b66c-4dbc-9619-1fd35aa9f563,,San Antonio,3833.0,Condo,2026-03-30,1,2,1991
340e4380-1175-46ec-b006-620e58ee67d3,237434.97,Chicago,868.0,Condo,2025-06-28,1,4,1970
aec8956a-a3c1-488c-b6da-fab8d1da8e1f,486257.91,Houston,2319.0,Villa,2025-12-22,2,4,1997
6977aac4-9c46-4571-b84e-b0096476b116,1381426.78,Los Angeles,1633.0,House,2025-09-09,1,1,2021
4500a109-c8a3-4f2b-af92-1695e2f1f2aa,2559603.47,San Diego,,Apartment,2026-02-17,5,4,1961
014db059-f18b-492e-b463-621959f20167,1492278.32,San Jose,1588.0,Villa,2025-05-28,5,2,1997
aa9eb7f4-0fee-4860-8832-781a41f048fa,200235.12,Dallas,925.0,Villa,2026-02-21,4,3,2016
acee4a70-e841-4c44-b987-45710bf62594,697444.39,San Diego,1061.0,Condo,2026-02-22,5,3,1988
1f6ef154-9a07-48d0-a313-10de10803fb9,3225869.9,New York,2469.0,Villa,2026-01-27,1,3,2014
ca49e88f-17e8-4a70-8446-c6b065f2eeaa,,San Diego,3997.0,Villa,2025-09-17,2,3,1999
3743e557-676b-4ca4-a553-219395f8d8e5,2215522.9,San Diego,3299.0,Apartment,2025-07-09,3,4,1991
a186040a-b7bf-4fbc-8cae-d9191cd8336a,597235.31,Philadelphia,3009.0,Townhouse,2025-11-26,5,3,2002
b813588f-da5c-47e5-b14d-a88e57bf031d,1375799.79,San Jose,1827.0,Apartment,2025-07-07,4,2,1983
e3a1bd3e-214a-48a3-a282-d50b4ad0d9bb,442047.59,Philadelphia,2122.0,Townhouse,2026-02-05,1,3,1964
6ca36e81-fb21-4723-95f6-3cce78cf7706,1494559.11,San Jose,1616.0,House,2026-01-25,4,2,1962
4af5c559-0da7-4ba2-8425-b238fd0db80d,338129.82,Houston,1630.0,Townhouse,2025-07-20,3,4,1999
9842c787-75c9-4dcb-a0e7-80aae1aa8008,301306.81,Dallas,1287.0,House,2025-11-10,3,3,1969
4ce7b235-4514-40da-ac2c-a18082fa0b92,327951.42,Dallas,1248.0,Apartment,2026-02-26,5,3,1950
a1f9d9ff-4e53-4311-9ca4-a20359a20dcc,838947.71,San Jose,1143.0,House,2025-09-10,3,3,2014
c75dea54-3ca8-4a25-adad-8fe78feeb3bc,776194.56,Dallas,3069.0,Apartment,2026-02-17,1,2,1993
bbcdd7d8-b617-4b3b-96aa-5b0a9824b754,914152.99,Houston,4989.0,Apartment,2025-08-09,4,2,2017
c3eb3b7e-c92c-45b9-ba2f-27b34bd6005b,701830.54,San Antonio,4207.0,Townhouse,2025-05-04,4,2,2017
bd95f917-1442-433a-86d3-180beb439b6b,1038455.11,San Diego,1919.0,House,2026-03-08,5,4,1980
a7da987f-f8cc-45a8-9235-5f4dfcdfa068,,Philadelphia,3342.0,Apartment,2026-01-09,3,4,1987
31da7bca-518d-4b3a-9e5f-172ab5c2da26,687007.89,Los Angeles,780.0,Condo,2026-01-28,1,4,1962
d926d48f-ab06-4cc6-8179-93341bd891c7,1949760.44,San Jose,1814.0,Apartment,2026-03-02,2,3,1994
116d4a75-398d-4ace-9c0b-9c66d5a655bb,487158.57,San Jose,544.0,Condo,2026-01-08,3,1,2019
c546ebca-f57c-4b9e-aa2a-9f1e4fb85345,250246.68,San Antonio,1588.0,Townhouse,2026-04-20,1,4,1994
1cb047e5-4903-4467-8483-ae9764c0e95f,3383696.12,Los Angeles,3560.0,Townhouse,2025-10-26,2,3,2019
2e387702-4e67-41ba-888c-8da4d010e7fd,3308942.61,San Jose,3541.0,House,2025-11-13,2,4,1985
304231e6-c20e-4fa7-ac39-b183e51997d8,1019771.67,San Diego,1665.0,Villa,2025-07-31,3,1,2000
2b80a656-a240-4553-8c29-d34f572a87a4,1024366.33,Houston,4724.0,Townhouse,2026-01-12,1,2,1983
26f2f6a7-c8f6-47f2-8d80-3fa0daf97eb7,380302.46,San Antonio,2500.0,Townhouse,2026-03-20,5,4,1977
40fecb49-7e12-419a-b436-bea2b7937ab4,794579.64,Houston,4485.0,Townhouse,2025-12-01,3,3,1991
031f408c-e0eb-4cb1-a138-7bbe1f1c5cb0,,New York,3182.0,Condo,2025-06-23,4,4,1993
2bd1371e-6de6-4de6-b792-5c44ca3516fa,341775.97,Philadelphia,2037.0,Condo,2025-08-22,1,2,2013
7b500679-f76e-489c-a1fe-8d0ac2c2b3d8,932978.26,San Antonio,4520.0,Villa,2025-10-30,1,2,2010
1dd49a1f-b042-4683-b2e7-753f9dcd074f,871126.05,Chicago,2580.0,Villa,2026-03-07,3,1,1986
b2c5c7d9-09cc-46b8-aac1-e770e971dd6e,1820532.75,Los Angeles,2100.0,Villa,2025-08-17,4,2,2023
c1b6e3d8-4d43-4ea4-81b1-51c58308bd46,1395325.92,San Jose,1362.0,Condo,2025-07-08,1,2,1956
4f95bfb5-7aa4-4801-971a-42bd518b3469,1027635.32,Phoenix,4459.0,House,2026-01-06,5,3,1961
66c6d51a-58cd-445f-b58e-fb194e53ee3b,746181.57,Phoenix,2815.0,Apartment,2026-02-07,5,4,1972
2deb7c84-8223-4f30-8adc-50ff165ba403,,Houston,2191.0,House,2026-03-23,2,3,1964
ca4922c9-e2ea-42ee-9382-0a55feb9141f,718378.86,Philadelphia,3674.0,Condo,2025-05-19,2,3,1983
c0c5ba2c-7041-4a47-a172-22b4eae62f10,3701067.01,San Jose,3620.0,Apartment,2025-12-17,5,3,1986
b0639464-2a6c-488e-8f1d-d80548cff83a,154503.37,Phoenix,744.0,Condo,2026-01-30,3,3,1951
03c719f7-3587-4494-8196-682d00df3125,862172.39,Houston,4087.0,Villa,2026-01-02,5,1,2019
21068ef2-bd93-44ba-b3f7-4c7d0e3f10ab,184929.58,Houston,1010.0,Townhouse,2025-12-26,3,1,1958
c913d3dd-a644-473d-b3a1-67a085914aee,789026.25,Houston,4525.0,House,2025-10-14,3,1,1953
96361f09-a2e0-4012-8528-63eab01189f3,2303726.54,San Diego,4645.0,Villa,2026-02-23,4,4,1968
21044f60-d655-441b-95e4-43f8f7a98d3d,897952.08,New York,720.0,Condo,2025-09-28,2,1,1984
306d9d1d-41e5-443d-af4f-a3099842ab88,182623.69,Phoenix,618.0,House,2026-03-31,1,4,1962
d9a4160c-d3fd-4caa-a966-4ab810ca76db,875636.24,New York,732.0,Condo,2025-12-24,1,4,2018
15e191db-c5fe-4c93-a4d0-562cbcdeec2c,584000.58,Chicago,1770.0,Townhouse,2025-11-03,1,3,2010
4f9591d8-137b-4b22-95ec-66fd49b50511,4392379.47,San Jose,4463.0,Apartment,2026-01-12,4,4,1996
c8243862-2a3e-47a3-8cf4-39dedf9e3552,,New York,3878.0,Villa,2025-05-08,3,3,2009
dee54999-f4d1-4ca1-959c-bafe0da344d1,2960649.25,San Diego,4667.0,House,2025-11-11,3,3,1987
9055e950-05e4-48e0-b4ba-d1a086c7ddb8,2123647.2,Los Angeles,3266.0,Villa,2025-10-02,1,4,2010
365a64f0-fd98-45fd-9242-0ec3d27ad81e,289600.07,Phoenix,1251.0,Apartment,2025-08-05,3,1,1997
2cd39672-3043-4c7d-8dea-704faf5aff43,1126313.78,Phoenix,4126.0,Townhouse,2026-02-10,5,1,1985
3dc71fa7-bd9e-4669-a66d-bd4809881829,679217.24,Dallas,3596.0,Apartment,2025-11-09,3,2,1992
2de9887e-538e-4c66-836d-dea4324010c0,1704242.94,San Diego,,Condo,2026-01-08,1,2,1995
f024ea98-32d0-41bf-a8b9-911ede1fa054,323273.77,Dallas,1443.0,Townhouse,2025-10-07,3,1,1992
c6b7b4f2-4259-4efa-93bc-85d80dd21af6,913797.58,Phoenix,3282.0,Condo,2025-08-13,5,1,1981
1859c061-2d11-4644-9eb7-2c240fcd5ea5,1521614.2,San Diego,2503.0,Apartment,2025-12-21,1,4,2017
a6d53116-01f9-4174-919c-78d2b8641dea,182051.57,Phoenix,860.0,Apartment,2025-11-16,3,1,1990
8849a013-54a8-4716-9af2-e4db23435a3b,658033.34,Philadelphia,2923.0,Townhouse,2025-11-15,5,2,2015
90b34d16-a821-4623-a4e1-f191e6520025,3004506.71,San Diego,4960.0,Villa,2025-07-17,1,3,2015
4ed74974-90d0-4fea-9283-24fff036d9ee,888209.95,Phoenix,3519.0,Villa,2026-04-05,3,1,2019
7379b709-180a-4ba8-9717-6c11e54e99f6,1079991.8,Houston,4734.0,Apartment,2025-12-09,1,4,2019
bf410ae8-1ced-48d3-887a-dfd2b0f95a25,650996.63,Dallas,2542.0,House,2026-02-24,3,3,1971
dde4f363-3ce8-4f9b-a095-d11c9feecf79,1609847.19,New York,1311.0,Townhouse,2025-08-06,3,3,1981
6f350593-844d-4f9c-814d-90e6ac104488,3091219.39,Los Angeles,3488.0,House,2026-01-26,1,4,2012
069bae5d-8950-4b58-b6f1-a87956a835b1,1297333.18,Phoenix,4899.0,Townhouse,2026-01-15,3,4,2014
e692a95d-e0d3-4923-a69d-5a138a614d13,594388.98,Los Angeles,800.0,Townhouse,2026-01-04,1,2,1954
